collection,trajectory,insight_id,classification,reason,text,evidence,source
original,1,I001,exclude,Greeting-only observation adds little beyond baseline assistant behavior.,"When an interaction begins without an actionable objective, asking the participant to state the desired work is an appropriate scope-preserving response; the trajectory provides no evidence about whether this prompt led to a substantive follow-up.","L001, L002",/n/holylabs/hlakkaraju_lab/Lab/zidi/user_simulation/oxygen-contributor-kit-2/data/stripped-trajectories-2026-09-07/trajectories/trajectory-001.jsonl.oxygen-agents/summary/insight.md
original,2,I001,direct,"Contains an actionable rule for a recurring evaluation, analysis, artifact, repository, or collection task in this workspace. Retrieve only for the matching task; repeated copies add no independent value.","Task-level benchmark logic can often be separated from a heavy training harness, but equivalence must be stated at the correct layer. This runner preserved prompts, loops, parsing, and rewards while changing orchestration, output format, and initially model routing; smoke tests established operability, not protocol equivalence.","L002, L003, L005, L006, L010",/n/holylabs/hlakkaraju_lab/Lab/zidi/user_simulation/oxygen-contributor-kit-2/data/stripped-trajectories-2026-09-07/trajectories/trajectory-002.jsonl.oxygen-agents/summary/insight.md
original,2,I002,direct,"Contains an actionable rule for a recurring evaluation, analysis, artifact, repository, or collection task in this workspace. Retrieve only for the matching task; repeated copies add no independent value.","A broad compatibility override can silently collapse distinct experimental roles. When one environment variable replaced every requested model, the intervention changed the simulator, interaction partner, generator, and evaluator at once, making model rankings confounded even though all jobs completed successfully.","L033, L034, L035, L036, L037",/n/holylabs/hlakkaraju_lab/Lab/zidi/user_simulation/oxygen-contributor-kit-2/data/stripped-trajectories-2026-09-07/trajectories/trajectory-002.jsonl.oxygen-agents/summary/insight.md
original,2,I003,direct,"Contains an actionable rule for a recurring evaluation, analysis, artifact, repository, or collection task in this workspace. Retrieve only for the matching task; repeated copies add no independent value.","The minimum valid rerun depends on where the changed component enters the causal path. HUMANUAL answers can be held fixed and rejudged because the judge runs after generation, whereas changing a SimArena assistant requires regenerating the conversation and document because assistant behavior shapes later simulator actions and every downstream score.","L036, L039, L042, L043, L051, L052",/n/holylabs/hlakkaraju_lab/Lab/zidi/user_simulation/oxygen-contributor-kit-2/data/stripped-trajectories-2026-09-07/trajectories/trajectory-002.jsonl.oxygen-agents/summary/insight.md
original,2,I004,direct,"Contains an actionable rule for a recurring evaluation, analysis, artifact, repository, or collection task in this workspace. Retrieve only for the matching task; repeated copies add no independent value.","Protocol corrections are easier to audit when outputs are immutable and every run records role-specific settings. Isolated run directories preserved the invalidated self-play evidence for comparison, while explicit assistant, generator, and judge parameters made the corrected wave inspectable at configuration, call-site, and request-transport levels.","L045, L046, L047, L049",/n/holylabs/hlakkaraju_lab/Lab/zidi/user_simulation/oxygen-contributor-kit-2/data/stripped-trajectories-2026-09-07/trajectories/trajectory-002.jsonl.oxygen-agents/summary/insight.md
original,2,I005,direct,"Contains an actionable rule for a recurring evaluation, analysis, artifact, repository, or collection task in this workspace. Retrieve only for the matching task; repeated copies add no independent value.","One-episode API preflights detect deterministic access and schema failures but do not establish quota sufficiency for a full benchmark. Nemotron and ox-alpha passed end-to-end preflights yet failed during 800-item runs when daily request limits were reached, so launch validation should also estimate requests per episode and compare the total with provider quotas.","L012, L016, L018, L019",/n/holylabs/hlakkaraju_lab/Lab/zidi/user_simulation/oxygen-contributor-kit-2/data/stripped-trajectories-2026-09-07/trajectories/trajectory-002.jsonl.oxygen-agents/summary/insight.md
original,2,I006,direct,"Contains an actionable rule for a recurring evaluation, analysis, artifact, repository, or collection task in this workspace. Retrieve only for the matching task; repeated copies add no independent value.","An overall mean can hide both protocol confounding and dataset weighting. Here HUMANUAL contributes 600 of 800 episodes, so similar overall scores can coexist with materially different HUMANUAL and SimArena behavior; model comparisons should report suite and task aggregates and only compare runs with the same role assignments.","L013, L015, L031, L032, L053",/n/holylabs/hlakkaraju_lab/Lab/zidi/user_simulation/oxygen-contributor-kit-2/data/stripped-trajectories-2026-09-07/trajectories/trajectory-002.jsonl.oxygen-agents/summary/insight.md
original,2,I007,direct,"Contains an actionable rule for a recurring evaluation, analysis, artifact, repository, or collection task in this workspace. Retrieve only for the matching task; repeated copies add no independent value.","Separating scheduler dependencies from API-capacity decisions allows a slow model to stop blocking unrelated providers. The agent first verified that the active job was error-free, then released only Gemini's dependency and later changed partitions without duplicating jobs or disturbing downstream ordering.","L020, L021, L022, L023, L024",/n/holylabs/hlakkaraju_lab/Lab/zidi/user_simulation/oxygen-contributor-kit-2/data/stripped-trajectories-2026-09-07/trajectories/trajectory-002.jsonl.oxygen-agents/summary/insight.md
original,2,I008,direct,"Contains an actionable rule for a recurring evaluation, analysis, artifact, repository, or collection task in this workspace. Retrieve only for the matching task; repeated copies add no independent value.","Dataset row counts must be interpreted together with provenance and evaluation purpose. The SOUL files contain conversation instances sampled from the full SimulatorArena human corpus, including repeated underlying problems or intents and heterogeneous assistant contexts; they are a different evaluation set from the 50/51 assistant-benchmark subset despite sharing the same source project.","L039, L052, L055, L056, L057",/n/holylabs/hlakkaraju_lab/Lab/zidi/user_simulation/oxygen-contributor-kit-2/data/stripped-trajectories-2026-09-07/trajectories/trajectory-002.jsonl.oxygen-agents/summary/insight.md
original,2,I009,direct,"Contains an actionable rule for a recurring evaluation, analysis, artifact, repository, or collection task in this workspace. Retrieve only for the matching task; repeated copies add no independent value.","A reusable behavioral-analysis layer benefits from normalizing each task into shared episode concepts before aggregation. Converting distinct raw schemas into simulated-user turns, human-reference turns, and common token counts enabled the same metrics to scale from task to suite to model while preserving plugin points for later analyses.","L028, L029, L030, L031, L032",/n/holylabs/hlakkaraju_lab/Lab/zidi/user_simulation/oxygen-contributor-kit-2/data/stripped-trajectories-2026-09-07/trajectories/trajectory-002.jsonl.oxygen-agents/summary/insight.md
original,3,I001,direct,"Contains an actionable rule for a recurring evaluation, analysis, artifact, repository, or collection task in this workspace. Retrieve only for the matching task; repeated copies add no independent value.","Reusing task code does not preserve an evaluation protocol when a compatibility layer changes model-role routing. Auxiliary roles are part of the experimental condition: changing the assistant affects the generated interaction, changing the document generator affects an evaluated artifact, and changing the judge affects score calibration. A lightweight harness should therefore make role assignments explicit and validate them before producing model rankings.","L009, L026, L027, L028, L029, L030",/n/holylabs/hlakkaraju_lab/Lab/zidi/user_simulation/oxygen-contributor-kit-2/data/stripped-trajectories-2026-09-07/trajectories/trajectory-003.jsonl.oxygen-agents/summary/insight.md
original,3,I002,direct,"Contains an actionable rule for a recurring evaluation, analysis, artifact, repository, or collection task in this workspace. Retrieve only for the matching task; repeated copies add no independent value.",The cheapest valid correction depends on whether the benchmark is interactive. Reusing saved HUMANUAL target responses while replacing only the judge isolates much of the judge change because generation is single-turn. SimArena must regenerate the conversation when the assistant changes because later user actions depend on earlier assistant messages; rejudging an old trajectory cannot reconstruct that counterfactual interaction.,"L031, L034, L036, L037",/n/holylabs/hlakkaraju_lab/Lab/zidi/user_simulation/oxygen-contributor-kit-2/data/stripped-trajectories-2026-09-07/trajectories/trajectory-003.jsonl.oxygen-agents/summary/insight.md
original,3,I003,direct,"Contains an actionable rule for a recurring evaluation, analysis, artifact, repository, or collection task in this workspace. Retrieve only for the matching task; repeated copies add no independent value.","A one-example preflight tests model authorization, schema compatibility, and basic request routing, but it does not establish capacity for a full evaluation. Nemotron and ox-alpha passed end-to-end preflights and then exhausted daily quotas after only 2 and 77 usable episodes. Preflight design for quota-limited endpoints should include an estimated requests-per-episode budget and compare the full-run requirement with account limits before submission.","L010, L011, L016, L017",/n/holylabs/hlakkaraju_lab/Lab/zidi/user_simulation/oxygen-contributor-kit-2/data/stripped-trajectories-2026-09-07/trajectories/trajectory-003.jsonl.oxygen-agents/summary/insight.md
original,3,I004,direct,"Contains an actionable rule for a recurring evaluation, analysis, artifact, repository, or collection task in this workspace. Retrieve only for the matching task; repeated copies add no independent value.","Separating credentials into independent execution lanes prevents accidental paid-key fallback and allows concurrent scheduling, but credential separation does not remove provider policy constraints. Access restrictions remained for Inkling under the dedicated key, and free-tier quotas still terminated other runs. Scheduling, credential routing, endpoint eligibility, and quota capacity require separate validation.","L015, L016, L017",/n/holylabs/hlakkaraju_lab/Lab/zidi/user_simulation/oxygen-contributor-kit-2/data/stripped-trajectories-2026-09-07/trajectories/trajectory-003.jsonl.oxygen-agents/summary/insight.md
original,3,I005,direct,"Contains an actionable rule for a recurring evaluation, analysis, artifact, repository, or collection task in this workspace. Retrieve only for the matching task; repeated copies add no independent value.","Using one fixed auxiliary assistant improves comparability among tested user simulators, yet it does not reproduce the environment of every human reference when rows were collected with nine different assistants. Because user behavior is conditioned on counterpart behavior, a fixed-assistant study and a row-provenance-matched study answer different questions. Reports should state which interaction environment is controlled and may benefit from stratification by the original assistant metadata.","L032, L033, L043, L047, L049",/n/holylabs/hlakkaraju_lab/Lab/zidi/user_simulation/oxygen-contributor-kit-2/data/stripped-trajectories-2026-09-07/trajectories/trajectory-003.jsonl.oxygen-agents/summary/insight.md
original,3,I006,direct,"Contains an actionable rule for a recurring evaluation, analysis, artifact, repository, or collection task in this workspace. Retrieve only for the matching task; repeated copies add no independent value.","HUMANUAL's six scores are judge-inferred similarities, not direct accuracy against labeled stance, emotion, belief, value, goal, or communication states. The target and judge also receive asymmetric inputs: the target sees the persona, while the judge sees the reference response but not the persona. Evaluation claims should therefore be framed as the fixed judge's assessment of response-level latent-state alignment rather than independent attribute-ground-truth accuracy.","L041, L042, L050",/n/holylabs/hlakkaraju_lab/Lab/zidi/user_simulation/oxygen-contributor-kit-2/data/stripped-trajectories-2026-09-07/trajectories/trajectory-003.jsonl.oxygen-agents/summary/insight.md
original,3,I007,direct,"Contains an actionable rule for a recurring evaluation, analysis, artifact, repository, or collection task in this workspace. Retrieve only for the matching task; repeated copies add no independent value.","An overall mean can obscure suite behavior when the sampling design weights one suite more heavily. Here, HUMANUAL supplies 600 of 800 episodes, so the combined score is 75% HUMANUAL by construction. Model-by-suite and per-task aggregates are necessary for interpreting differences that may reverse across HUMANUAL and SimArena.","L046, L024, L025",/n/holylabs/hlakkaraju_lab/Lab/zidi/user_simulation/oxygen-contributor-kit-2/data/stripped-trajectories-2026-09-07/trajectories/trajectory-003.jsonl.oxygen-agents/summary/insight.md
original,3,I008,direct,"Contains an actionable rule for a recurring evaluation, analysis, artifact, repository, or collection task in this workspace. Retrieve only for the matching task; repeated copies add no independent value.","Dataset size must be interpreted using the sampling unit and evaluated role. The SOUL adaptation contains 100 conversation records per SimArena task, including repeated problems, intents, or workers, while the 50/51 subsets belong to an assistant-evaluation protocol. Counting rows as unique questions or applying the assistant-benchmark size to a user-simulator study would misstate both coverage and protocol; unresolved subset-selection provenance should remain explicit.","L047, L048, L049",/n/holylabs/hlakkaraju_lab/Lab/zidi/user_simulation/oxygen-contributor-kit-2/data/stripped-trajectories-2026-09-07/trajectories/trajectory-003.jsonl.oxygen-agents/summary/insight.md
original,3,I009,direct,"Contains an actionable rule for a recurring evaluation, analysis, artifact, repository, or collection task in this workspace. Retrieve only for the matching task; repeated copies add no independent value.","Role-specific configuration and route tests establish which model identifier the client requested, but full auditability also requires recording the provider-returned model identifier. Persisting both requested and returned model values would allow later detection of aliases, fallbacks, or backend substitutions without relying only on configuration metadata.","L033, L036, L037, L040",/n/holylabs/hlakkaraju_lab/Lab/zidi/user_simulation/oxygen-contributor-kit-2/data/stripped-trajectories-2026-09-07/trajectories/trajectory-003.jsonl.oxygen-agents/summary/insight.md
original,3,I010,direct,"Contains an actionable rule for a recurring evaluation, analysis, artifact, repository, or collection task in this workspace. Retrieve only for the matching task; repeated copies add no independent value.","A reusable multi-benchmark analyzer benefits from a normalization layer before metric computation. Converting different message conventions and ground-truth shapes into a common episode representation allowed one shared tokenizer, paired human comparisons, suite aggregation, and external metric plugins to operate across single-turn HUMANUAL and multi-turn SimArena outputs.","L021, L022, L023, L024",/n/holylabs/hlakkaraju_lab/Lab/zidi/user_simulation/oxygen-contributor-kit-2/data/stripped-trajectories-2026-09-07/trajectories/trajectory-003.jsonl.oxygen-agents/summary/insight.md
original,4,I001,direct,"Contains an actionable rule for a recurring evaluation, analysis, artifact, repository, or collection task in this workspace. Retrieve only for the matching task; repeated copies add no independent value.","For resumable Slurm evaluations, path resolution and output isolation are part of correctness. Resolving resources from the submission directory prevented the spool-path failure, and checking for an existing active or partial run before resubmission avoided duplicate evaluation state.","L005, L007, L008",/n/holylabs/hlakkaraju_lab/Lab/zidi/user_simulation/oxygen-contributor-kit-2/data/stripped-trajectories-2026-09-07/trajectories/trajectory-004.jsonl.oxygen-agents/summary/insight.md
original,4,I002,direct,"Contains an actionable rule for a recurring evaluation, analysis, artifact, repository, or collection task in this workspace. Retrieve only for the matching task; repeated copies add no independent value.","Single-example provider preflights can prevent large batches that will fail immediately because of model access policy, but they do not establish full-run feasibility under daily quotas. Batch planning for hosted free models therefore needs separate checks for route access and quota capacity.","L010, L014, L015",/n/holylabs/hlakkaraju_lab/Lab/zidi/user_simulation/oxygen-contributor-kit-2/data/stripped-trajectories-2026-09-07/trajectories/trajectory-004.jsonl.oxygen-agents/summary/insight.md
original,4,I003,direct,"Contains an actionable rule for a recurring evaluation, analysis, artifact, repository, or collection task in this workspace. Retrieve only for the matching task; repeated copies add no independent value.","Dependency chains are useful for limiting shared-endpoint concurrency, but scheduler conditions and observed endpoint health can justify selectively releasing a job from the chain. Preserving downstream dependencies while detaching only the ready job provides controlled parallelism without rebuilding the entire submission wave.","L011, L016, L017",/n/holylabs/hlakkaraju_lab/Lab/zidi/user_simulation/oxygen-contributor-kit-2/data/stripped-trajectories-2026-09-07/trajectories/trajectory-004.jsonl.oxygen-agents/summary/insight.md
original,4,I004,direct,"Contains an actionable rule for a recurring evaluation, analysis, artifact, repository, or collection task in this workspace. Retrieve only for the matching task; repeated copies add no independent value.",An overall score can conceal suite-specific reversals when one suite contributes most episodes. Reporting HUMANUAL and SimArena separately is necessary for model comparisons because the raw combined mean weights HUMANUAL at 75% and can obscure stronger SimArena performance.,"L012, L034",/n/holylabs/hlakkaraju_lab/Lab/zidi/user_simulation/oxygen-contributor-kit-2/data/stripped-trajectories-2026-09-07/trajectories/trajectory-004.jsonl.oxygen-agents/summary/insight.md
original,4,I005,direct,"Contains an actionable rule for a recurring evaluation, analysis, artifact, repository, or collection task in this workspace. Retrieve only for the matching task; repeated copies add no independent value.","Role routing is a central experimental variable in interactive evaluation. A compatibility override that applies the target model to assistant and judge roles changes both the generated trajectory and its scoring, so fixing only the judge is sufficient for reused single-turn responses but insufficient for multi-turn simulations that must be regenerated.","L023, L024, L025, L028",/n/holylabs/hlakkaraju_lab/Lab/zidi/user_simulation/oxygen-contributor-kit-2/data/stripped-trajectories-2026-09-07/trajectories/trajectory-004.jsonl.oxygen-agents/summary/insight.md
original,4,I006,direct,"Contains an actionable rule for a recurring evaluation, analysis, artifact, repository, or collection task in this workspace. Retrieve only for the matching task; repeated copies add no independent value.","Evaluation provenance has multiple levels: dataset source, row selection, original interaction model, requested evaluation model, and provider-served backend. Recording only some levels leaves distinct reproducibility gaps, as shown by the undocumented SOUL subset selection and the absence of provider-returned backend identities.","L026, L031, L036",/n/holylabs/hlakkaraju_lab/Lab/zidi/user_simulation/oxygen-contributor-kit-2/data/stripped-trajectories-2026-09-07/trajectories/trajectory-004.jsonl.oxygen-agents/summary/insight.md
original,4,I007,direct,"Contains an actionable rule for a recurring evaluation, analysis, artifact, repository, or collection task in this workspace. Retrieve only for the matching task; repeated copies add no independent value.","A reusable evaluation analyzer benefits from a shared tokenizer, explicit suite-level aggregation, and a plugin interface. Validating extracted quantities against evaluator-recorded invariants, such as turn counts, provides stronger evidence than unit tests alone that the abstraction preserves task semantics.","L019, L020, L021",/n/holylabs/hlakkaraju_lab/Lab/zidi/user_simulation/oxygen-contributor-kit-2/data/stripped-trajectories-2026-09-07/trajectories/trajectory-004.jsonl.oxygen-agents/summary/insight.md
original,4,I008,direct,"Contains an actionable rule for a recurring evaluation, analysis, artifact, repository, or collection task in this workspace. Retrieve only for the matching task; repeated copies add no independent value.","Randomizing candidate order and recording position counts supports bias audits, but anonymous identifiers should be encoded as fixed schema keys when possible. Allowing free-form response IDs created avoidable parsing failures that retries did not fully resolve.","L039, L040, L043",/n/holylabs/hlakkaraju_lab/Lab/zidi/user_simulation/oxygen-contributor-kit-2/data/stripped-trajectories-2026-09-07/trajectories/trajectory-004.jsonl.oxygen-agents/summary/insight.md
original,4,I009,conditional,"Useful for throughput optimization, but the observed cost balance is workload-specific; measure before applying.","The number of candidates alone does not determine comparative-judge input cost. Shared context and a shorter rubric nearly offset two extra responses in this run, while output length and sequential judges dominated latency; prompt components and generated output should therefore be measured separately when optimizing evaluation throughput.","L044, L045, L046, L047",/n/holylabs/hlakkaraju_lab/Lab/zidi/user_simulation/oxygen-contributor-kit-2/data/stripped-trajectories-2026-09-07/trajectories/trajectory-004.jsonl.oxygen-agents/summary/insight.md
original,4,I010,direct,"Contains an actionable rule for a recurring evaluation, analysis, artifact, repository, or collection task in this workspace. Retrieve only for the matching task; repeated copies add no independent value.","Benchmark labels should follow the actual reward objective and sampling protocol. The evaluated SimArena math score primarily measures behavioral fidelity rather than mathematical success, and the SOUL 100/100 adaptation differs from the original 50/51 assistant benchmark, so collapsing these settings under one benchmark name risks invalid comparisons.","L032, L033, L034",/n/holylabs/hlakkaraju_lab/Lab/zidi/user_simulation/oxygen-contributor-kit-2/data/stripped-trajectories-2026-09-07/trajectories/trajectory-004.jsonl.oxygen-agents/summary/insight.md
original,5,I001,direct,"Contains an actionable rule for a recurring evaluation, analysis, artifact, repository, or collection task in this workspace. Retrieve only for the matching task; repeated copies add no independent value.","Model routing is part of the evaluation protocol, not an implementation detail. A compatibility override silently collapsed four roles into one model and changed the experiment into self-play and self-judging. Role-specific provenance and routing tests are necessary before interpreting cross-model scores.","L019, L020, L021, L023, L024",/n/holylabs/hlakkaraju_lab/Lab/zidi/user_simulation/oxygen-contributor-kit-2/data/stripped-trajectories-2026-09-07/trajectories/trajectory-005.jsonl.oxygen-agents/summary/insight.md
original,5,I002,direct,"Contains an actionable rule for a recurring evaluation, analysis, artifact, repository, or collection task in this workspace. Retrieve only for the matching task; repeated copies add no independent value.","Fixing the auxiliary assistant improves comparability across evaluated simulators, but it does not reproduce human-reference conditions when the original conversations used heterogeneous assistants. Evaluations of interactive user behavior should record this environment mismatch and, when feasible, stratify or recreate the reference assistant.","L022, L024, L025",/n/holylabs/hlakkaraju_lab/Lab/zidi/user_simulation/oxygen-contributor-kit-2/data/stripped-trajectories-2026-09-07/trajectories/trajectory-005.jsonl.oxygen-agents/summary/insight.md
original,5,I003,direct,"Contains an actionable rule for a recurring evaluation, analysis, artifact, repository, or collection task in this workspace. Retrieve only for the matching task; repeated copies add no independent value.","Top-one win rate is sensitive to candidate composition and discards score margins. A model can have comparable average quality yet win rarely when its strong examples overlap with a stronger competitor. Absolute scores, pairwise credit, margin distributions, and uncertainty convey distinct information and should remain separate outputs.","L028, L029, L030, L033",/n/holylabs/hlakkaraju_lab/Lab/zidi/user_simulation/oxygen-contributor-kit-2/data/stripped-trajectories-2026-09-07/trajectories/trajectory-005.jsonl.oxygen-agents/summary/insight.md
original,5,I004,direct,"Contains an actionable rule for a recurring evaluation, analysis, artifact, repository, or collection task in this workspace. Retrieve only for the matching task; repeated copies add no independent value.","Opaque identifiers can cause structured-output failures even when task content is valid. Neutralizing identities in context and using short batch-local response IDs reduces parser errors while preserving substantive evidence, and resumable item-level recovery limits the cost of remaining failures.","L031, L040, L046",/n/holylabs/hlakkaraju_lab/Lab/zidi/user_simulation/oxygen-contributor-kit-2/data/stripped-trajectories-2026-09-07/trajectories/trajectory-005.jsonl.oxygen-agents/summary/insight.md
original,5,I005,direct,"Contains an actionable rule for a recurring evaluation, analysis, artifact, repository, or collection task in this workspace. Retrieve only for the matching task; repeated copies add no independent value.","A lower-assumption validation metric still requires tight controls over support and information flow. Fixed source-derived comparisons, identical support across systems and judges, removal of assistant and identity leakage, and dataset-level aggregation prevent the audit from measuring distractor choice, metadata, or unsupported per-user effects.","L035, L036, L038, L040, L043",/n/holylabs/hlakkaraju_lab/Lab/zidi/user_simulation/oxygen-contributor-kit-2/data/stripped-trajectories-2026-09-07/trajectories/trajectory-005.jsonl.oxygen-agents/summary/insight.md
original,5,I006,direct,"Contains an actionable rule for a recurring evaluation, analysis, artifact, repository, or collection task in this workspace. Retrieve only for the matching task; repeated copies add no independent value.","Distance-based audit components deliberately discard direction, so a low or high gap is ambiguous without signed diagnostics. Low specificity distance can mean shared correctness, shared uncertainty, or shared error, while high source distance can reflect confident correct or incorrect discrimination. Report direction, selection rates, and midpoint frequency beside every distance.","L041, L042, L055, L057",/n/holylabs/hlakkaraju_lab/Lab/zidi/user_simulation/oxygen-contributor-kit-2/data/stripped-trajectories-2026-09-07/trajectories/trajectory-005.jsonl.oxygen-agents/summary/insight.md
original,5,I007,direct,"Contains an actionable rule for a recurring evaluation, analysis, artifact, repository, or collection task in this workspace. Retrieve only for the matching task; repeated copies add no independent value.","Order reversal revealed substantial judge instability in the smoke test, yet the full run removed reversal to reduce cost. This creates a clear tradeoff: scale increased while a measured reliability control was dropped. Future full evaluations should retain reversals on a fixed calibration subset so order sensitivity remains estimable.","L048, L049, L050",/n/holylabs/hlakkaraju_lab/Lab/zidi/user_simulation/oxygen-contributor-kit-2/data/stripped-trajectories-2026-09-07/trajectories/trajectory-005.jsonl.oxygen-agents/summary/insight.md
original,5,I008,conditional,Calibration-pair proposal is plausible; the collection does not demonstrate that this proposed control fixes judge scale effects.,"Aggregate rankings can appear stable even when judge behavior dominates the scale. Gemini's strong preference for extreme labels pushed source distances near one, while system differences in the composite were small. Calibration controls such as human-human or same-source pairs are needed before interpreting the absolute magnitude as simulator distinguishability.","L048, L053, L054, L055, L056",/n/holylabs/hlakkaraju_lab/Lab/zidi/user_simulation/oxygen-contributor-kit-2/data/stripped-trajectories-2026-09-07/trajectories/trajectory-005.jsonl.oxygen-agents/summary/insight.md
original,5,I009,direct,"Contains an actionable rule for a recurring evaluation, analysis, artifact, repository, or collection task in this workspace. Retrieve only for the matching task; repeated copies add no independent value.","A small end-to-end smoke test can expose operational defects before a large judging wave. The smoke found identifier-transcription failures and enabled targeted recovery before the 11,300-item configuration, although the later full run still produced a small number of malformed-batch omissions, showing that recovery paths must remain part of the full protocol.","L044, L046, L047, L051, L053",/n/holylabs/hlakkaraju_lab/Lab/zidi/user_simulation/oxygen-contributor-kit-2/data/stripped-trajectories-2026-09-07/trajectories/trajectory-005.jsonl.oxygen-agents/summary/insight.md
original,5,I010,direct,"Contains an actionable rule for a recurring evaluation, analysis, artifact, repository, or collection task in this workspace. Retrieve only for the matching task; repeated copies add no independent value.","Agreement between a benchmark evaluator and a direct audit is itself an empirical result. The smoke showed opposite orderings, and the full Gemini audit produced only small pairwise differences; therefore a validation claim requires uncertainty estimates and cross-judge comparison rather than selecting the ranking that best matches an expected benchmark.","L033, L043, L048, L054, L057",/n/holylabs/hlakkaraju_lab/Lab/zidi/user_simulation/oxygen-contributor-kit-2/data/stripped-trajectories-2026-09-07/trajectories/trajectory-005.jsonl.oxygen-agents/summary/insight.md
original,6,I001,direct,"Contains an actionable rule for a recurring evaluation, analysis, artifact, repository, or collection task in this workspace. Retrieve only for the matching task; repeated copies add no independent value.","A lightweight compatibility harness can preserve task-level evaluation logic while removing large training dependencies, but launcher behavior becomes part of the evaluation's reliability surface. A successful local smoke test did not cover Slurm's spool execution context; resolving paths from the submission directory was necessary before the remote batch run became reliable.","L002, L003, L006, L007, L010",/n/holylabs/hlakkaraju_lab/Lab/zidi/user_simulation/oxygen-contributor-kit-2/data/stripped-trajectories-2026-09-07/trajectories/trajectory-006.jsonl.oxygen-agents/summary/insight.md
original,6,I002,direct,"Contains an actionable rule for a recurring evaluation, analysis, artifact, repository, or collection task in this workspace. Retrieve only for the matching task; repeated copies add no independent value.","One-row end-to-end preflights are an effective admission gate for expensive model evaluations because they detect schema incompatibility, access policy failures, and provider routing restrictions before hundreds of episodes are submitted. They cannot predict daily quota exhaustion, so quota capacity requires a separate check or a resumable schedule sized to the provider's limits.","L005, L012, L014, L016, L017",/n/holylabs/hlakkaraju_lab/Lab/zidi/user_simulation/oxygen-contributor-kit-2/data/stripped-trajectories-2026-09-07/trajectories/trajectory-006.jsonl.oxygen-agents/summary/insight.md
original,6,I003,direct,"Contains an actionable rule for a recurring evaluation, analysis, artifact, repository, or collection task in this workspace. Retrieve only for the matching task; repeated copies add no independent value.","Separating API credentials into explicit execution lanes allows independent providers to run concurrently without accidental key fallback, while dependency chains and temporary partition overrides control load and scheduling. The key selector must overwrite inherited credentials, and one-time infrastructure exceptions should remain outside persistent scheduling policy.","L015, L016, L018, L019, L020",/n/holylabs/hlakkaraju_lab/Lab/zidi/user_simulation/oxygen-contributor-kit-2/data/stripped-trajectories-2026-09-07/trajectories/trajectory-006.jsonl.oxygen-agents/summary/insight.md
original,6,I004,direct,"Contains an actionable rule for a recurring evaluation, analysis, artifact, repository, or collection task in this workspace. Retrieve only for the matching task; repeated copies add no independent value.","A reusable multi-model analysis layer benefits from three stable seams: schema normalization, a shared tokenizer, and extensible episode metrics. Adding suite-level aggregation above per-task rows makes model comparisons interpretable without discarding task-specific evidence, while machine-readable outputs and plugins reduce future changes to the core analyzer.","L021, L022, L024, L025",/n/holylabs/hlakkaraju_lab/Lab/zidi/user_simulation/oxygen-contributor-kit-2/data/stripped-trajectories-2026-09-07/trajectories/trajectory-006.jsonl.oxygen-agents/summary/insight.md
original,6,I005,direct,"Contains an actionable rule for a recurring evaluation, analysis, artifact, repository, or collection task in this workspace. Retrieve only for the matching task; repeated copies add no independent value.","Evaluation-role routing is a methodological parameter, not an implementation detail. Collapsing simulator, assistant, generator, and judge onto the target model changes both the generated interaction and the scoring calibration; for multi-turn evaluations, later rejudging cannot recover the counterfactual trajectory produced by a fixed assistant. Role-specific configuration should therefore be explicit and recorded before any large run.","L026, L027, L028, L041, L043",/n/holylabs/hlakkaraju_lab/Lab/zidi/user_simulation/oxygen-contributor-kit-2/data/stripped-trajectories-2026-09-07/trajectories/trajectory-006.jsonl.oxygen-agents/summary/insight.md
original,6,I006,direct,"Contains an actionable rule for a recurring evaluation, analysis, artifact, repository, or collection task in this workspace. Retrieve only for the matching task; repeated copies add no independent value.","Conversation-level benchmark examples carry interaction context beyond the user prompt, including the assistant that elicited the human behavior. Using a common fixed assistant improves controlled comparison among target simulators, but it also creates an environment mismatch with heterogeneous human references. Results should identify the adapted dataset and fixed-assistant protocol rather than inherit the original assistant-benchmark label.","L029, L030, L033, L038, L039",/n/holylabs/hlakkaraju_lab/Lab/zidi/user_simulation/oxygen-contributor-kit-2/data/stripped-trajectories-2026-09-07/trajectories/trajectory-006.jsonl.oxygen-agents/summary/insight.md
original,6,I007,direct,"Contains an actionable rule for a recurring evaluation, analysis, artifact, repository, or collection task in this workspace. Retrieve only for the matching task; repeated copies add no independent value.","An overall mean across heterogeneous suites can conceal both objective differences and weighting effects. Here, HUMANUAL contributes three quarters of the combined episodes, while SimArena rewards emphasize behavioral fidelity and, for math, omit direct correctness. Reporting suite and task aggregates is necessary to prevent the combined score from being interpreted as a balanced measure of general simulation quality.","L032, L034, L035, L036",/n/holylabs/hlakkaraju_lab/Lab/zidi/user_simulation/oxygen-contributor-kit-2/data/stripped-trajectories-2026-09-07/trajectories/trajectory-006.jsonl.oxygen-agents/summary/insight.md
original,6,I008,direct,"Contains an actionable rule for a recurring evaluation, analysis, artifact, repository, or collection task in this workspace. Retrieve only for the matching task; repeated copies add no independent value.","Saved responses make judge replacement relatively controlled for single-turn HUMANUAL because generation can remain fixed while only scoring changes. Multi-turn SimArena requires full regeneration after an assistant change. Preflights should separately cover single-turn reuse, multi-turn interaction, and any task-specific generator path because each exercises a distinct routing boundary.","L042, L043, L044",/n/holylabs/hlakkaraju_lab/Lab/zidi/user_simulation/oxygen-contributor-kit-2/data/stripped-trajectories-2026-09-07/trajectories/trajectory-006.jsonl.oxygen-agents/summary/insight.md
original,6,I009,direct,"Contains an actionable rule for a recurring evaluation, analysis, artifact, repository, or collection task in this workspace. Retrieve only for the matching task; repeated copies add no independent value.",Submitting every judge-target pair as its own dependency job can exceed scheduler QOS limits even when runtime concurrency is low. Consolidating multiple pairings into one resumable lane per judge reduces queued-job pressure while preserving isolation at the output level; retaining the already running pairing and cancelling only unstarted duplicates avoids wasted work.,"L050, L051, L052",/n/holylabs/hlakkaraju_lab/Lab/zidi/user_simulation/oxygen-contributor-kit-2/data/stripped-trajectories-2026-09-07/trajectories/trajectory-006.jsonl.oxygen-agents/summary/insight.md
original,6,I010,direct,"Contains an actionable rule for a recurring evaluation, analysis, artifact, repository, or collection task in this workspace. Retrieve only for the matching task; repeated copies add no independent value.",Aggregation must encode evaluation provenance as a first-class filter. A numerically valid common-item comparison from a comparative experiment answered a different question from the requested vanilla evaluation. Restricting inputs to the intended protocol and intersecting example IDs per target produced a defensible ranking while making incomplete DeepSeek coverage explicit.,"L053, L054, L055, L056",/n/holylabs/hlakkaraju_lab/Lab/zidi/user_simulation/oxygen-contributor-kit-2/data/stripped-trajectories-2026-09-07/trajectories/trajectory-006.jsonl.oxygen-agents/summary/insight.md
original,6,I011,direct,"Contains an actionable rule for a recurring evaluation, analysis, artifact, repository, or collection task in this workspace. Retrieve only for the matching task; repeated copies add no independent value.","Cross-judge averages require both coverage alignment and calibration awareness. Common-item intersections prevent missing responses from changing the evaluated sample, while judge macro means reveal systematic scale differences that can influence an uncalibrated ensemble score even when every judge evaluates the same examples.","L055, L057",/n/holylabs/hlakkaraju_lab/Lab/zidi/user_simulation/oxygen-contributor-kit-2/data/stripped-trajectories-2026-09-07/trajectories/trajectory-006.jsonl.oxygen-agents/summary/insight.md
original,6,I012,direct,"Contains an actionable rule for a recurring evaluation, analysis, artifact, repository, or collection task in this workspace. Retrieve only for the matching task; repeated copies add no independent value.",Verifying the requested model at configuration and transport layers establishes routing intent but does not establish which backend model the provider served. Recording the provider-returned model identifier alongside each result would make auxiliary-role audits stronger and help detect aliases or backend substitutions.,"L047, L048",/n/holylabs/hlakkaraju_lab/Lab/zidi/user_simulation/oxygen-contributor-kit-2/data/stripped-trajectories-2026-09-07/trajectories/trajectory-006.jsonl.oxygen-agents/summary/insight.md
original,7,I001,direct,"Contains an actionable rule for a recurring evaluation, analysis, artifact, repository, or collection task in this workspace. Retrieve only for the matching task; repeated copies add no independent value.","Remote-model evaluation can often avoid a large training stack, but replacing the harness transfers responsibility for compatibility and execution semantics to the new runner. Here, strict JSON-schema handling and Slurm submit-directory resolution became necessary even though the copied task logic itself was unchanged.","L002, L003, L005, L006",/n/holylabs/hlakkaraju_lab/Lab/zidi/user_simulation/oxygen-contributor-kit-2/data/stripped-trajectories-2026-09-07/trajectories/trajectory-007.jsonl.oxygen-agents/summary/insight.md
original,7,I002,conditional,"A soak test is a proposed additional cost, not a demonstrated substitute for quota estimation; invoke only when needed.","A one-item preflight validates model identity, authorization, and basic response compatibility, but it does not establish sustained endpoint capacity. Batch readiness for free or capacity-limited routes should include a small concurrent or multi-item soak test and explicit retry/error-budget criteria before committing hundreds of episodes.","L012, L017, L018",/n/holylabs/hlakkaraju_lab/Lab/zidi/user_simulation/oxygen-contributor-kit-2/data/stripped-trajectories-2026-09-07/trajectories/trajectory-007.jsonl.oxygen-agents/summary/insight.md
original,7,I003,direct,"Contains an actionable rule for a recurring evaluation, analysis, artifact, repository, or collection task in this workspace. Retrieve only for the matching task; repeated copies add no independent value.","Dependency chains are useful for controlling shared API load, but they also couple progress to the slowest model and current cluster availability. Keeping job outputs isolated and dependencies editable allowed Gemini to be released safely and jobs to move to temporary partitions without duplicate evaluation work.","L013, L019, L020, L021",/n/holylabs/hlakkaraju_lab/Lab/zidi/user_simulation/oxygen-contributor-kit-2/data/stripped-trajectories-2026-09-07/trajectories/trajectory-007.jsonl.oxygen-agents/summary/insight.md
original,7,I004,direct,"Contains an actionable rule for a recurring evaluation, analysis, artifact, repository, or collection task in this workspace. Retrieve only for the matching task; repeated copies add no independent value.","Model routing is part of an evaluation's experimental definition. A compatibility layer that silently replaces assistant and judge model names can turn a fixed-environment benchmark into model-specific self-play, changing both generated trajectories and score calibration while leaving the high-level task code apparently intact.","L010, L026, L027, L028",/n/holylabs/hlakkaraju_lab/Lab/zidi/user_simulation/oxygen-contributor-kit-2/data/stripped-trajectories-2026-09-07/trajectories/trajectory-007.jsonl.oxygen-agents/summary/insight.md
original,7,I005,direct,"Contains an actionable rule for a recurring evaluation, analysis, artifact, repository, or collection task in this workspace. Retrieve only for the matching task; repeated copies add no independent value.","Separating model roles into explicit target, assistant, document-generator, and judge settings makes reruns auditable and supports selective recomputation. HUMANUAL target answers could be reused because only judging changed, whereas SimArena conversations required regeneration because assistant responses influence later simulated-user turns.","L030, L031, L032, L033, L034",/n/holylabs/hlakkaraju_lab/Lab/zidi/user_simulation/oxygen-contributor-kit-2/data/stripped-trajectories-2026-09-07/trajectories/trajectory-007.jsonl.oxygen-agents/summary/insight.md
original,7,I006,direct,"Contains an actionable rule for a recurring evaluation, analysis, artifact, repository, or collection task in this workspace. Retrieve only for the matching task; repeated copies add no independent value.","Cross-model behavior analysis benefits from normalizing stored message wrappers before applying one shared tokenizer and from retaining episode-, task-, suite-, and model-level outputs. A plugin interface for episode metrics lets later analyses extend the same normalization and aggregation pipeline without duplicating parsing logic.","L023, L024, L025",/n/holylabs/hlakkaraju_lab/Lab/zidi/user_simulation/oxygen-contributor-kit-2/data/stripped-trajectories-2026-09-07/trajectories/trajectory-007.jsonl.oxygen-agents/summary/insight.md
original,7,I007,direct,"Contains an actionable rule for a recurring evaluation, analysis, artifact, repository, or collection task in this workspace. Retrieve only for the matching task; repeated copies add no independent value.","HUMANUAL's six named dimensions are judge-generated interpretations of two free-text responses rather than independently labeled latent variables. Reported dimension scores therefore measure judge-mediated response alignment, and conclusions about latent-state recovery should remain narrower than conclusions about text similarity under that judge.","L038, L039, L040",/n/holylabs/hlakkaraju_lab/Lab/zidi/user_simulation/oxygen-contributor-kit-2/data/stripped-trajectories-2026-09-07/trajectories/trajectory-007.jsonl.oxygen-agents/summary/insight.md
original,7,I008,direct,"Contains an actionable rule for a recurring evaluation, analysis, artifact, repository, or collection task in this workspace. Retrieve only for the matching task; repeated copies add no independent value.","An evaluation may contain prompts for capabilities that its active reward never measures. The current SimArena math path emphasizes user-style and profile similarity without math correctness, while the document path adds outcome quality; metric interpretation should follow the executed call graph and aggregation formula rather than the inventory of prompt templates.","L041, L042, L043",/n/holylabs/hlakkaraju_lab/Lab/zidi/user_simulation/oxygen-contributor-kit-2/data/stripped-trajectories-2026-09-07/trajectories/trajectory-007.jsonl.oxygen-agents/summary/insight.md
original,7,I009,conditional,Assistant matching is stated too absolutely: filter assistant text or control for context when matching is infeasible; match according to the estimand.,"Conversation-level human-versus-simulator judgments require assistant-model matching because both sides of the conversation are visible to the judge. Row-level assistant provenance makes matched reconstruction or filtering possible; without it, a Turing score can reflect environment differences rather than user-source distinguishability.","L029, L044, L046, L048, L049",/n/holylabs/hlakkaraju_lab/Lab/zidi/user_simulation/oxygen-contributor-kit-2/data/stripped-trajectories-2026-09-07/trajectories/trajectory-007.jsonl.oxygen-agents/summary/insight.md
original,7,I010,direct,"Contains an actionable rule for a recurring evaluation, analysis, artifact, repository, or collection task in this workspace. Retrieve only for the matching task; repeated copies add no independent value.","The presence of a paper prompt in copied source does not establish metric reproduction. A defensible claim requires evidence that the prompt is invoked, its output is aggregated with the paper's ordering and tie-breaking procedure, and the result enters the reported artifact; a modified diagnostic audit should retain a distinct name and scope.","L046, L047, L050",/n/holylabs/hlakkaraju_lab/Lab/zidi/user_simulation/oxygen-contributor-kit-2/data/stripped-trajectories-2026-09-07/trajectories/trajectory-007.jsonl.oxygen-agents/summary/insight.md
original,9,I001,direct,"Contains an actionable rule for a recurring evaluation, analysis, artifact, repository, or collection task in this workspace. Retrieve only for the matching task; repeated copies add no independent value.","Role routing is part of an evaluation protocol, not merely infrastructure. A compatibility layer that globally overrides model names can silently turn a controlled simulator evaluation into self-play and self-judging; correcting judge labels alone is insufficient when the assistant already changed the generated interaction. Role-specific configuration, recorded runtime metadata, and end-to-end routing preflights should precede large runs.","L007, L008, L009, L010",/n/holylabs/hlakkaraju_lab/Lab/zidi/user_simulation/oxygen-contributor-kit-2/data/stripped-trajectories-2026-09-07/trajectories/trajectory-009.jsonl.oxygen-agents/summary/insight.md
original,9,I002,direct,"Contains an actionable rule for a recurring evaluation, analysis, artifact, repository, or collection task in this workspace. Retrieve only for the matching task; repeated copies add no independent value.","Anonymous comparative judging needs both margin-aware reporting and robust identifiers. Top-one win rates can make a consistently close second-place system appear much worse than its continuous scores or pairwise performance, while candidate labels embedded in realistic content can corrupt structured outputs. Pairwise credit, score margins, rank frequencies, short batch-local IDs, and explicit missingness provide a more stable account.","L014, L016, L017",/n/holylabs/hlakkaraju_lab/Lab/zidi/user_simulation/oxygen-contributor-kit-2/data/stripped-trajectories-2026-09-07/trajectories/trajectory-009.jsonl.oxygen-agents/summary/insight.md
original,9,I003,direct,"Contains an actionable rule for a recurring evaluation, analysis, artifact, repository, or collection task in this workspace. Retrieve only for the matching task; repeated copies add no independent value.","A lower-assumption audit becomes scientifically useful only after its claim and support are fixed. Treating it as an independent diagnostic, freezing comparison histories and randomization, matching support, separating judge replications, and defining a smoke gate prevents later implementation choices from being mistaken for evidence that the audit is ground truth.","L019, L020, L023, L024",/n/holylabs/hlakkaraju_lab/Lab/zidi/user_simulation/oxygen-contributor-kit-2/data/stripped-trajectories-2026-09-07/trajectories/trajectory-009.jsonl.oxygen-agents/summary/insight.md
original,9,I004,direct,"Contains an actionable rule for a recurring evaluation, analysis, artifact, repository, or collection task in this workspace. Retrieve only for the matching task; repeated copies add no independent value.","Small smoke tests can reveal failures that aggregate validation misses, including identifier transcription, presentation-order sensitivity, and proxy-audit disagreement. They should test the exact rendered prompts, recoding, batching, and recovery path before scale-up; however, their rankings should remain operational observations because one target per dataset cannot support stable model conclusions.","L025, L026, L027, L028",/n/holylabs/hlakkaraju_lab/Lab/zidi/user_simulation/oxygen-contributor-kit-2/data/stripped-trajectories-2026-09-07/trajectories/trajectory-009.jsonl.oxygen-agents/summary/insight.md
original,9,I005,direct,"Contains an actionable rule for a recurring evaluation, analysis, artifact, repository, or collection task in this workspace. Retrieve only for the matching task; repeated copies add no independent value.","Evaluator validity must be compared with the reliability of the reference audit itself. Weak proxy agreement against a moderately reproducible HUMANUAL audit is more informative than disagreement against the weakly reproducible SimulatorArena audit. System-level agreement can coexist with weak target-level agreement, so dataset-level ranks should not be presented as evidence that the evaluator identifies the better simulator on individual tasks.","L031, L033, L034, L035, L036",/n/holylabs/hlakkaraju_lab/Lab/zidi/user_simulation/oxygen-contributor-kit-2/data/stripped-trajectories-2026-09-07/trajectories/trajectory-009.jsonl.oxygen-agents/summary/insight.md
original,9,I006,conditional,Primarily a study-specific interpretation; turn into a decision rule separating within-system and same-example pair comparisons.,"Within-simulator correlation and simulator-pair gap correlation answer different questions. The original HUMANUAL score weakly tracked which examples looked better for a fixed simulator but almost completely failed to track which simulator was relatively better on the same example. The naive profile-alignment baseline improved relative comparisons mainly through user specificity, suggesting that additional rubric structure can add noise or bias without improving the intended discrimination.","L034, L035, L037, L040",/n/holylabs/hlakkaraju_lab/Lab/zidi/user_simulation/oxygen-contributor-kit-2/data/stripped-trajectories-2026-09-07/trajectories/trajectory-009.jsonl.oxygen-agents/summary/insight.md
original,9,I007,direct,"Contains an actionable rule for a recurring evaluation, analysis, artifact, repository, or collection task in this workspace. Retrieve only for the matching task; repeated copies add no independent value.","A weighted scalar can conceal qualitatively different component states. Here, the frequent score of 0.5 usually combined perfect specificity agreement with maximal source distinguishability, producing many ties and low ranking resolution. Combined audit scores should therefore be accompanied by component distributions, tie rates, and conditional analyses on non-tied support.","L038, L039",/n/holylabs/hlakkaraju_lab/Lab/zidi/user_simulation/oxygen-contributor-kit-2/data/stripped-trajectories-2026-09-07/trajectories/trajectory-009.jsonl.oxygen-agents/summary/insight.md
original,9,I008,direct,"Contains an actionable rule for a recurring evaluation, analysis, artifact, repository, or collection task in this workspace. Retrieve only for the matching task; repeated copies add no independent value.","Absolute distance from an indistinguishable midpoint discards the direction of source judgments, treating correct human identification and simulator fooling equally. Likewise, an absolute specificity gap hides whether simulation is under-personalized or over-personalized. Reporting directional human-selection rates and signed specificity differences preserves behavior that is central to diagnosing how a simulator differs from real users.","L041, L042",/n/holylabs/hlakkaraju_lab/Lab/zidi/user_simulation/oxygen-contributor-kit-2/data/stripped-trajectories-2026-09-07/trajectories/trajectory-009.jsonl.oxygen-agents/summary/insight.md
original,9,I009,conditional,Dataset-specific interpretation needs the original provenance evidence; do not infer causality from opposing specificity directions.,"Dataset provenance constrains what personalization results mean. SOUL's SimulatorArena rows derive profiles and references from example-level conversations, while HUMANUAL uses held-out responses conditioned on persona and context. The opposite raw specificity directions across these suites are therefore consistent with different evaluation constructs, and aggregate claims should distinguish example-conditioned profile reproduction from held-out user-response prediction.","L012, L021, L042",/n/holylabs/hlakkaraju_lab/Lab/zidi/user_simulation/oxygen-contributor-kit-2/data/stripped-trajectories-2026-09-07/trajectories/trajectory-009.jsonl.oxygen-agents/summary/insight.md
original,10,I001,direct,"Contains an actionable rule for a recurring evaluation, analysis, artifact, repository, or collection task in this workspace. Retrieve only for the matching task; repeated copies add no independent value.","Live, one-item end-to-end preflights are especially valuable for LLM evaluation pipelines because they test provider access, structured-output constraints, and dataset adapters together. In this segment they prevented large guaranteed-failing submissions and caught a silent empty-ground-truth bug that ordinary schema inspection and unit tests had missed.","L004, L010, L032",/n/holylabs/hlakkaraju_lab/Lab/zidi/user_simulation/oxygen-contributor-kit-2/data/stripped-trajectories-2026-09-07/trajectories/trajectory-010.jsonl.oxygen-agents/summary/insight.md
original,10,I002,direct,"Contains an actionable rule for a recurring evaluation, analysis, artifact, repository, or collection task in this workspace. Retrieve only for the matching task; repeated copies add no independent value.","Evaluation roles are causal parts of the benchmark. Collapsing simulator, interaction partner, generator, and judge onto the target model changes both the generated evidence and its scoring. Saved responses can support a controlled judge replacement for single-turn HUMANUAL, while SimulatorArena requires trajectory regeneration after an assistant change because later turns depend on earlier assistant behavior.","L019, L020, L021, L023, L024",/n/holylabs/hlakkaraju_lab/Lab/zidi/user_simulation/oxygen-contributor-kit-2/data/stripped-trajectories-2026-09-07/trajectories/trajectory-010.jsonl.oxygen-agents/summary/insight.md
original,10,I003,direct,"Contains an actionable rule for a recurring evaluation, analysis, artifact, repository, or collection task in this workspace. Retrieve only for the matching task; repeated copies add no independent value.","Dataset row count alone does not identify the evaluation protocol. The same source project contained a full human-conversation corpus, a smaller assistant-benchmark subset, and a separate SOUL validation sample. Reliable reporting therefore needs row-level provenance and a precise statement of whether the evaluated object is an assistant, a simulated user, or a repackaged conversation sample.","L022, L027, L028",/n/holylabs/hlakkaraju_lab/Lab/zidi/user_simulation/oxygen-contributor-kit-2/data/stripped-trajectories-2026-09-07/trajectories/trajectory-010.jsonl.oxygen-agents/summary/insight.md
original,10,I004,direct,"Contains an actionable rule for a recurring evaluation, analysis, artifact, repository, or collection task in this workspace. Retrieve only for the matching task; repeated copies add no independent value.","Resumable outputs, isolated model directories, explicit credential selection, one active job per logical lane, and dependency-aware consolidation make long API evaluations recoverable across scheduler failures, access restrictions, quotas, maintenance, and QOS limits. These controls preserved usable partial results and prevented duplicate work when the execution plan changed repeatedly.","L005, L012, L013, L014, L015, L030",/n/holylabs/hlakkaraju_lab/Lab/zidi/user_simulation/oxygen-contributor-kit-2/data/stripped-trajectories-2026-09-07/trajectories/trajectory-010.jsonl.oxygen-agents/summary/insight.md
original,10,I005,direct,"Contains an actionable rule for a recurring evaluation, analysis, artifact, repository, or collection task in this workspace. Retrieve only for the matching task; repeated copies add no independent value.","Mean score and multi-candidate win rate measure different properties. A model can remain close to the winner on most examples and still have a low top-one rate when its strongest cases coincide with another model's strongest cases. Pairwise credit, loss margins, rank frequencies, and fixed-anchor comparisons preserve competitiveness and are less dependent on the current candidate pool.","L034, L035, L036, L038",/n/holylabs/hlakkaraju_lab/Lab/zidi/user_simulation/oxygen-contributor-kit-2/data/stripped-trajectories-2026-09-07/trajectories/trajectory-010.jsonl.oxygen-agents/summary/insight.md
original,10,I006,direct,"Contains an actionable rule for a recurring evaluation, analysis, artifact, repository, or collection task in this workspace. Retrieve only for the matching task; repeated copies add no independent value.","Stable aggregate rankings can coexist with low item-level judge agreement, task-specific reversals, and presentation-position effects. Evaluation reports should retain judge-by-task results and position-balance diagnostics even when the overall order is unanimous, because the aggregate can hide materially different judgments about individual behaviors.","L035, L038, L041, L042, L043",/n/holylabs/hlakkaraju_lab/Lab/zidi/user_simulation/oxygen-contributor-kit-2/data/stripped-trajectories-2026-09-07/trajectories/trajectory-010.jsonl.oxygen-agents/summary/insight.md
original,10,I007,direct,"Contains an actionable rule for a recurring evaluation, analysis, artifact, repository, or collection task in this workspace. Retrieve only for the matching task; repeated copies add no independent value.","Absolute-value audit distances remove direction and can merge qualitatively opposite outcomes. Source distinguishability should be accompanied by whether the judge selected the simulator as human, and specificity distance should be accompanied by a signed over- or under-specificity measure. This separates uncertainty, successful imitation, confident misclassification, and profile caricature.","L047, L053, L054, L055",/n/holylabs/hlakkaraju_lab/Lab/zidi/user_simulation/oxygen-contributor-kit-2/data/stripped-trajectories-2026-09-07/trajectories/trajectory-010.jsonl.oxygen-agents/summary/insight.md
original,10,I008,conditional,Useful measurement interpretation but needs a concrete trigger and requested audit dimensions before becoming an action.,"A proxy score can correlate with one audit dimension while remaining unrelated to another. The HUMANUAL naive baseline tracked target-user specificity more than source indistinguishability, whereas SimulatorArena style scores weakly tracked both. Direct audits therefore help name the behavior a benchmark score captures and prevent a broad label such as human likeness from hiding narrower measurement validity.","L048, L049, L050, L051",/n/holylabs/hlakkaraju_lab/Lab/zidi/user_simulation/oxygen-contributor-kit-2/data/stripped-trajectories-2026-09-07/trajectories/trajectory-010.jsonl.oxygen-agents/summary/insight.md
original,10,I009,direct,"Contains an actionable rule for a recurring evaluation, analysis, artifact, repository, or collection task in this workspace. Retrieve only for the matching task; repeated copies add no independent value.","Keeping immutable raw results separate from reusable analysis code made repeated methodological corrections inexpensive: suite aggregation, model inclusion, evaluator inclusion, reward reinterpretation, and slide exports could all change without overwriting trajectories. This separation is useful when an evaluation protocol is still being refined and earlier outputs must remain auditable.","L016, L017, L044, L045, L046",/n/holylabs/hlakkaraju_lab/Lab/zidi/user_simulation/oxygen-contributor-kit-2/data/stripped-trajectories-2026-09-07/trajectories/trajectory-010.jsonl.oxygen-agents/summary/insight.md
original,11,I001,direct,"Contains an actionable rule for a recurring evaluation, analysis, artifact, repository, or collection task in this workspace. Retrieve only for the matching task; repeated copies add no independent value.","Resolve the role of each supplied artifact before editing. Here, distinguishing an assignment brief from the actual editable deck changed the implementation target and enabled a concrete preservation policy that the user could approve before generation.","L002, L006, L022",/n/holylabs/hlakkaraju_lab/Lab/zidi/user_simulation/oxygen-contributor-kit-2/data/stripped-trajectories-2026-09-07/trajectories/trajectory-011.jsonl.oxygen-agents/summary/insight.md
original,11,I002,conditional,Research conclusion more than a procedure; retrieve for evaluator-validity work.,"Small, judge-sensitive leaderboard differences do not establish behavioral validity. The direct audit exposed a substantially larger and more stable source-separation problem, while proxy-to-audit agreement was weak, showing that model ranking and validation of human-like behavior require separate evidence.","L008, L009, L010, L011",/n/holylabs/hlakkaraju_lab/Lab/zidi/user_simulation/oxygen-contributor-kit-2/data/stripped-trajectories-2026-09-07/trajectories/trajectory-011.jsonl.oxygen-agents/summary/insight.md
original,11,I003,direct,"Contains an actionable rule for a recurring evaluation, analysis, artifact, repository, or collection task in this workspace. Retrieve only for the matching task; repeated copies add no independent value.","Unequal coverage can silently change the comparison being presented. Selecting common support, displaying missingness and uncertainty, and auditing denominator language down to the slide citation are necessary to keep cross-model claims interpretable.","L007, L012, L018, L033",/n/holylabs/hlakkaraju_lab/Lab/zidi/user_simulation/oxygen-contributor-kit-2/data/stripped-trajectories-2026-09-07/trajectories/trajectory-011.jsonl.oxygen-agents/summary/insight.md
original,11,I004,conditional,Promising simulator-design direction; cited examples do not demonstrate an intervention that improves realism.,"Target-profile specificity and source indistinguishability measure different failure modes. Both examples preserved the requested profile signal while smoothing away hesitation, revision, and error recovery, so realistic user simulation needs behavioral-process checks in addition to semantic or stylistic matching.","L019, L020",/n/holylabs/hlakkaraju_lab/Lab/zidi/user_simulation/oxygen-contributor-kit-2/data/stripped-trajectories-2026-09-07/trajectories/trajectory-011.jsonl.oxygen-agents/summary/insight.md
original,11,I005,conditional,Conditional on preparing illustrative examples; example selection must not become cherry-picking.,An anonymized example can make an aggregate metric legible when it is selected for the same measured mechanism and presented beside aggregate evidence. Paraphrasing and disclosing that profiles came from the reference interactions preserved the explanatory value while reducing privacy risk and limiting the claim to example-conditioned reproduction.,"L019, L020, L021",/n/holylabs/hlakkaraju_lab/Lab/zidi/user_simulation/oxygen-contributor-kit-2/data/stripped-trajectories-2026-09-07/trajectories/trajectory-011.jsonl.oxygen-agents/summary/insight.md
original,11,I006,conditional,Study-specific presentation recommendation; no evidence here that the proposed evaluator stack is better.,Negative evaluation results can support a stronger technical recommendation when the deck defines metric scope precisely and converts the failure into a decision rule. The resulting narrative recommended a multi-stage evaluator stack instead of forcing a winner from proxy scores that did not validate individual trajectories.,"L016, L017, L026",/n/holylabs/hlakkaraju_lab/Lab/zidi/user_simulation/oxygen-contributor-kit-2/data/stripped-trajectories-2026-09-07/trajectories/trajectory-011.jsonl.oxygen-agents/summary/insight.md
original,11,I007,conditional,Specialized fallback; inspect available presentation tools before adopting it.,"A shared scene specification is a practical fallback when direct presentation editing is unavailable because it keeps editable slides and exported PDF output aligned. The trajectory also shows that this approach still requires format-specific dependency fixes and independent archive, text, numeric, and rendering checks.","L023, L025, L027, L029",/n/holylabs/hlakkaraju_lab/Lab/zidi/user_simulation/oxygen-contributor-kit-2/data/stripped-trajectories-2026-09-07/trajectories/trajectory-011.jsonl.oxygen-agents/summary/insight.md
original,11,I008,direct,"Contains an actionable rule for a recurring evaluation, analysis, artifact, repository, or collection task in this workspace. Retrieve only for the matching task; repeated copies add no independent value.","Programmatic generation and structural validity do not guarantee presentation quality. Rendering every slide and inspecting both a contact sheet and selected full-size pages exposed collisions and clipping, while a separate content audit found a denominator error that visual inspection alone would not catch.","L030, L031, L032, L033",/n/holylabs/hlakkaraju_lab/Lab/zidi/user_simulation/oxygen-contributor-kit-2/data/stripped-trajectories-2026-09-07/trajectories/trajectory-011.jsonl.oxygen-agents/summary/insight.md
original,12,I001,direct,"Contains an actionable rule for a recurring evaluation, analysis, artifact, repository, or collection task in this workspace. Retrieve only for the matching task; repeated copies add no independent value.","A lightweight compatibility runner can remove unnecessary training infrastructure from an API-only benchmark, but scheduler execution changes path semantics. A smoke test from the submission directory does not cover spool execution, so batch launchers should resolve resources from an explicit submission or project root and verify that behavior before a full run.","L002, L004, L007",/n/holylabs/hlakkaraju_lab/Lab/zidi/user_simulation/oxygen-contributor-kit-2/data/stripped-trajectories-2026-09-07/trajectories/trajectory-012.jsonl.oxygen-agents/summary/insight.md
original,12,I002,direct,"Contains an actionable rule for a recurring evaluation, analysis, artifact, repository, or collection task in this workspace. Retrieve only for the matching task; repeated copies add no independent value.","One-item authorization and end-to-end preflights prevent deterministic model-access failures from consuming full evaluation budgets, but they do not establish that a free route has enough daily quota for a complete benchmark. Capacity checks or resumable quota-aware scheduling are needed separately from compatibility checks.","L009, L012, L013",/n/holylabs/hlakkaraju_lab/Lab/zidi/user_simulation/oxygen-contributor-kit-2/data/stripped-trajectories-2026-09-07/trajectories/trajectory-012.jsonl.oxygen-agents/summary/insight.md
original,12,I003,direct,"Contains an actionable rule for a recurring evaluation, analysis, artifact, repository, or collection task in this workspace. Retrieve only for the matching task; repeated copies add no independent value.","Model routing is part of the experimental protocol. A broad compatibility override silently turned fixed-role evaluation into self-play and self-judging, which changed both generated trajectories and scores. Auxiliary roles should have explicit, independently tested configuration, and multi-turn data must be regenerated when the interaction partner changes.","L018, L019, L020, L022, L023",/n/holylabs/hlakkaraju_lab/Lab/zidi/user_simulation/oxygen-contributor-kit-2/data/stripped-trajectories-2026-09-07/trajectories/trajectory-012.jsonl.oxygen-agents/summary/insight.md
original,12,I004,direct,"Contains an actionable rule for a recurring evaluation, analysis, artifact, repository, or collection task in this workspace. Retrieve only for the matching task; repeated copies add no independent value.","Conversation-level provenance can matter more than nominal task labels. The human SimulatorArena records were drawn from a larger interaction corpus and were conditioned on multiple assistants, so evaluation design should distinguish unique prompts, conversation instances, benchmark subsets, and the assistant associated with each human reference.","L021, L026",/n/holylabs/hlakkaraju_lab/Lab/zidi/user_simulation/oxygen-contributor-kit-2/data/stripped-trajectories-2026-09-07/trajectories/trajectory-012.jsonl.oxygen-agents/summary/insight.md
original,12,I005,direct,"Contains an actionable rule for a recurring evaluation, analysis, artifact, repository, or collection task in this workspace. Retrieve only for the matching task; repeated copies add no independent value.","Judge-only evaluation over persisted target responses provides a low-cost way to expand a target-by-judge matrix without regenerating model behavior. Consolidated judge lanes also reduce scheduler job-count pressure, provided each output retains the target, judge, source-response, and task identity needed for auditing.","L027, L028, L029",/n/holylabs/hlakkaraju_lab/Lab/zidi/user_simulation/oxygen-contributor-kit-2/data/stripped-trajectories-2026-09-07/trajectories/trajectory-012.jsonl.oxygen-agents/summary/insight.md
original,12,I006,direct,"Contains an actionable rule for a recurring evaluation, analysis, artifact, repository, or collection task in this workspace. Retrieve only for the matching task; repeated copies add no independent value.","Structured grading can appear to reveal evaluator behavior when the actual cause is an empty or misread reference field. A single realistic preflight that requires nonempty nested data and differentiated outputs can expose adapter failures before a large comparison, and the discovered schema shape should become a regression test.","L031, L032",/n/holylabs/hlakkaraju_lab/Lab/zidi/user_simulation/oxygen-contributor-kit-2/data/stripped-trajectories-2026-09-07/trajectories/trajectory-012.jsonl.oxygen-agents/summary/insight.md
original,12,I007,direct,"Contains an actionable rule for a recurring evaluation, analysis, artifact, repository, or collection task in this workspace. Retrieve only for the matching task; repeated copies add no independent value.","Average score, pairwise success, and three-way top-one rate measure different properties. A model can remain close to the winner on many examples and achieve a similar mean while winning less often because close losses receive zero top-one credit and its strongest examples overlap a competitor's strongest examples. Reporting margins and pairwise credit alongside win rate preserves this distinction.","L033, L034, L035, L036, L037",/n/holylabs/hlakkaraju_lab/Lab/zidi/user_simulation/oxygen-contributor-kit-2/data/stripped-trajectories-2026-09-07/trajectories/trajectory-012.jsonl.oxygen-agents/summary/insight.md
original,12,I008,direct,"Contains an actionable rule for a recurring evaluation, analysis, artifact, repository, or collection task in this workspace. Retrieve only for the matching task; repeated copies add no independent value.",Structured-output failures concentrated in particular content domains create nonrandom missingness. Partial judge results should retain per-task denominators and should not be averaged as though they cover the same examples as complete judges.,"L033, L038",/n/holylabs/hlakkaraju_lab/Lab/zidi/user_simulation/oxygen-contributor-kit-2/data/stripped-trajectories-2026-09-07/trajectories/trajectory-012.jsonl.oxygen-agents/summary/insight.md
original,12,I009,direct,"Contains an actionable rule for a recurring evaluation, analysis, artifact, repository, or collection task in this workspace. Retrieve only for the matching task; repeated copies add no independent value.",Anonymous candidate randomization reduces identity leakage but does not eliminate presentation bias. Position counts and position-standardized sensitivity checks are necessary when model differences are small; balanced assignment can support broad rankings while still leaving close comparisons uncertain.,"L040, L041, L042, L043",/n/holylabs/hlakkaraju_lab/Lab/zidi/user_simulation/oxygen-contributor-kit-2/data/stripped-trajectories-2026-09-07/trajectories/trajectory-012.jsonl.oxygen-agents/summary/insight.md
original,12,I010,direct,"Contains an actionable rule for a recurring evaluation, analysis, artifact, repository, or collection task in this workspace. Retrieve only for the matching task; repeated copies add no independent value.","Presentation requests often reveal unresolved analysis semantics. Separating target-model filters from evaluator filters, writing the reward dimensions explicitly, and stating whether evaluator results are pooled or equally averaged prevents plot revisions from silently changing the research question.","L044, L045, L046, L047, L050",/n/holylabs/hlakkaraju_lab/Lab/zidi/user_simulation/oxygen-contributor-kit-2/data/stripped-trajectories-2026-09-07/trajectories/trajectory-012.jsonl.oxygen-agents/summary/insight.md
original,12,I011,direct,"Contains an actionable rule for a recurring evaluation, analysis, artifact, repository, or collection task in this workspace. Retrieve only for the matching task; repeated copies add no independent value.","Metrics cannot always be transferred across suites: naive alignment required a human profile and therefore applied only to HUMANUAL, while SimulatorArena exposed different audit components. Cross-suite figures should aggregate only comparable quantities and should make omitted subsets and metric availability explicit.","L048, L049, L050",/n/holylabs/hlakkaraju_lab/Lab/zidi/user_simulation/oxygen-contributor-kit-2/data/stripped-trajectories-2026-09-07/trajectories/trajectory-012.jsonl.oxygen-agents/summary/insight.md
original,13,I001,direct,"Contains an actionable rule for a recurring evaluation, analysis, artifact, repository, or collection task in this workspace. Retrieve only for the matching task; repeated copies add no independent value.","In interactive simulator evaluation, auxiliary-role routing is part of the experimental treatment. Changing the assistant changes the trajectory that is later judged, so a controlled correction requires regenerating interactions; replacing only the judge is sufficient only for saved single-response tasks whose target output is held fixed.","L015, L016, L017, L019, L020",/n/holylabs/hlakkaraju_lab/Lab/zidi/user_simulation/oxygen-contributor-kit-2/data/stripped-trajectories-2026-09-07/trajectories/trajectory-013.jsonl.oxygen-agents/summary/insight.md
original,13,I002,direct,"Contains an actionable rule for a recurring evaluation, analysis, artifact, repository, or collection task in this workspace. Retrieve only for the matching task; repeated copies add no independent value.","Human-reference behavior is conditioned on the interaction environment. When reference conversations were collected with heterogeneous assistants, evaluating every simulator against one fixed assistant measures fidelity under a new common environment. Results should therefore document this change and, where possible, stratify or control for the reference assistant.","L018, L022, L024",/n/holylabs/hlakkaraju_lab/Lab/zidi/user_simulation/oxygen-contributor-kit-2/data/stripped-trajectories-2026-09-07/trajectories/trajectory-013.jsonl.oxygen-agents/summary/insight.md
original,13,I003,exclude,Contradicted by cited L011: full runs exhausted quotas after preflight; do not retain the claim that preflights prevented quota exhaustion.,"Small end-to-end preflights prevented three expensive failure modes: inaccessible model routes, provider quota exhaustion, and malformed dataset adaptation. Preflights are most useful when they exercise the complete generation, structured judging, and data-loading path rather than checking endpoint authorization alone.","L009, L011, L029",/n/holylabs/hlakkaraju_lab/Lab/zidi/user_simulation/oxygen-contributor-kit-2/data/stripped-trajectories-2026-09-07/trajectories/trajectory-013.jsonl.oxygen-agents/summary/insight.md
original,13,I004,direct,"Contains an actionable rule for a recurring evaluation, analysis, artifact, repository, or collection task in this workspace. Retrieve only for the matching task; repeated copies add no independent value.","Comparable mean scores and low three-way win rates can coexist when a model frequently loses by small margins and its strongest examples overlap with another model's strongest examples. Exact top-one credit discards distance and requires beating every competitor at once, which amplifies close and correlated differences.","L030, L031, L032, L033",/n/holylabs/hlakkaraju_lab/Lab/zidi/user_simulation/oxygen-contributor-kit-2/data/stripped-trajectories-2026-09-07/trajectories/trajectory-013.jsonl.oxygen-agents/summary/insight.md
original,13,I005,direct,"Contains an actionable rule for a recurring evaluation, analysis, artifact, repository, or collection task in this workspace. Retrieve only for the matching task; repeated copies add no independent value.","Continuous fidelity, pairwise strength, and multi-candidate top-one frequency answer different questions. Reporting them separately with margin bands and judge uncertainty preserves information that a single win rate loses; fixed anchors are needed if relative comparisons must be mapped to a pool-stable absolute scale.","L031, L033, L034, L043",/n/holylabs/hlakkaraju_lab/Lab/zidi/user_simulation/oxygen-contributor-kit-2/data/stripped-trajectories-2026-09-07/trajectories/trajectory-013.jsonl.oxygen-agents/summary/insight.md
original,13,I006,direct,"Contains an actionable rule for a recurring evaluation, analysis, artifact, repository, or collection task in this workspace. Retrieve only for the matching task; repeated copies add no independent value.","Stable aggregate rankings can coexist with low item-level judge agreement and evaluator-specific position effects. Balanced randomization and position standardization can protect aggregate comparisons, but close model differences should not be interpreted more precisely than the observed judge and presentation variability supports.","L037, L038, L039",/n/holylabs/hlakkaraju_lab/Lab/zidi/user_simulation/oxygen-contributor-kit-2/data/stripped-trajectories-2026-09-07/trajectories/trajectory-013.jsonl.oxygen-agents/summary/insight.md
original,13,I007,direct,"Contains an actionable rule for a recurring evaluation, analysis, artifact, repository, or collection task in this workspace. Retrieve only for the matching task; repeated copies add no independent value.","Metric decomposition can change the substantive conclusion. Restricting SimulatorArena reward to interaction style separated behavioral fidelity from document quality and fulfillment, while splitting audit distance into source and specificity revealed that apparent alignment was driven mainly by specificity and that absolute values hid systematic directionality.","L023, L042, L045, L047, L049",/n/holylabs/hlakkaraju_lab/Lab/zidi/user_simulation/oxygen-contributor-kit-2/data/stripped-trajectories-2026-09-07/trajectories/trajectory-013.jsonl.oxygen-agents/summary/insight.md
original,13,I008,direct,"Contains an actionable rule for a recurring evaluation, analysis, artifact, repository, or collection task in this workspace. Retrieve only for the matching task; repeated copies add no independent value.","Reusing benchmark prompts and scoring code does not by itself reproduce the benchmark protocol. Execution harness changes, model-role overrides, dataset subset selection, and result aggregation all affect what the scores mean, so provenance should describe the adapted protocol rather than imply equivalence to the original benchmark.","L003, L008, L015, L024",/n/holylabs/hlakkaraju_lab/Lab/zidi/user_simulation/oxygen-contributor-kit-2/data/stripped-trajectories-2026-09-07/trajectories/trajectory-013.jsonl.oxygen-agents/summary/insight.md
original,13,I009,conditional,Conflates scheduler QOS job-count constraints with external-service capacity; keep these controls separately attributed.,"Scheduler and provider constraints require separate control planes. Dependency chains and partition moves manage compute availability, while isolated API-key lanes, bounded concurrency, resumability, and QOS-aware consolidation manage external-service capacity without duplicating work.","L011, L013, L014, L027",/n/holylabs/hlakkaraju_lab/Lab/zidi/user_simulation/oxygen-contributor-kit-2/data/stripped-trajectories-2026-09-07/trajectories/trajectory-013.jsonl.oxygen-agents/summary/insight.md
original,14,I001,direct,"Contains an actionable rule for a recurring evaluation, analysis, artifact, repository, or collection task in this workspace. Retrieve only for the matching task; repeated copies add no independent value.","When a requested workflow is unavailable as an installed plugin, a repository-local implementation may still be authoritative. Checking the user-specified local path before treating the workflow as unavailable prevents premature refusal while preserving the workflow's own safeguards.","L002, L003, L004",/n/holylabs/hlakkaraju_lab/Lab/zidi/user_simulation/oxygen-contributor-kit-2/data/stripped-trajectories-2026-09-07/trajectories/trajectory-014.jsonl.oxygen-agents/summary/insight.md
original,14,I002,direct,"Contains an actionable rule for a recurring evaluation, analysis, artifact, repository, or collection task in this workspace. Retrieve only for the matching task; repeated copies add no independent value.","Network-mounted workspaces can violate runtime assumptions in several independent ways, including server responsiveness and atomic filesystem operations. Running an unchanged executable copy and mutable workflow state on a private local filesystem can isolate those infrastructure limitations while retaining the workspace as the source and final-artifact location.","L005, L006, L013",/n/holylabs/hlakkaraju_lab/Lab/zidi/user_simulation/oxygen-contributor-kit-2/data/stripped-trajectories-2026-09-07/trajectories/trajectory-014.jsonl.oxygen-agents/summary/insight.md
original,14,I003,conditional,General scope-checking lesson; rewrite into an explicit membership predicate and recount trigger.,"Scope decisions should be based on affirmative membership evidence and a verified count. Here, exact-workspace cwd evidence supported inclusion, but the change from 11 to 13 ambiguous sessions shows that the population should be recounted before recording the user's resolution.","L009, L010",/n/holylabs/hlakkaraju_lab/Lab/zidi/user_simulation/oxygen-contributor-kit-2/data/stripped-trajectories-2026-09-07/trajectories/trajectory-014.jsonl.oxygen-agents/summary/insight.md
original,14,I004,direct,"Contains an actionable rule for a recurring evaluation, analysis, artifact, repository, or collection task in this workspace. Retrieve only for the matching task; repeated copies add no independent value.","Per-shard validation cannot establish global identity consistency. Shard-prefixed identifiers plus a global union and collision check prevented independently valid proposals from producing conflicting authority records, and immutable receipts made a clean restart safer than in-place repair.","L012, L014, L015, L017, L018",/n/holylabs/hlakkaraju_lab/Lab/zidi/user_simulation/oxygen-contributor-kit-2/data/stripped-trajectories-2026-09-07/trajectories/trajectory-014.jsonl.oxygen-agents/summary/insight.md
original,14,I005,direct,"Contains an actionable rule for a recurring evaluation, analysis, artifact, repository, or collection task in this workspace. Retrieve only for the matching task; repeated copies add no independent value.",Deleting an unsupported field can preserve syntax while destroying meaning when that field was carrying an implicit binding. Schema corrections should first identify the required semantic replacement; re-authoring `turn_index` findings with explicit `event_id` preserved the intended source association.,"L021, L022",/n/holylabs/hlakkaraju_lab/Lab/zidi/user_simulation/oxygen-contributor-kit-2/data/stripped-trajectories-2026-09-07/trajectories/trajectory-014.jsonl.oxygen-agents/summary/insight.md
original,14,I006,direct,"Contains an actionable rule for a recurring evaluation, analysis, artifact, repository, or collection task in this workspace. Retrieve only for the matching task; repeated copies add no independent value.","Privacy offsets, database checks, and transport validators must measure the same preserved text representation. Embedded NUL and control bytes exposed mismatched length semantics even though the source digest was valid; aligning validation with Unicode code-point offsets resolved the gate without rewriting evidence.","L025, L026, L027",/n/holylabs/hlakkaraju_lab/Lab/zidi/user_simulation/oxygen-contributor-kit-2/data/stripped-trajectories-2026-09-07/trajectories/trajectory-014.jsonl.oxygen-agents/summary/insight.md
original,14,I007,direct,"Contains an actionable rule for a recurring evaluation, analysis, artifact, repository, or collection task in this workspace. Retrieve only for the matching task; repeated copies add no independent value.","Worker self-validation should exercise the authoritative recorder contract early. Proposal wrappers, enum values, phase rules, and participant constraints were discovered only after substantial drafting, consuming both correction waves and forcing a constrained parent takeover.","L029, L030, L031, L032",/n/holylabs/hlakkaraju_lab/Lab/zidi/user_simulation/oxygen-contributor-kit-2/data/stripped-trajectories-2026-09-07/trajectories/trajectory-014.jsonl.oxygen-agents/summary/insight.md
original,14,I008,conditional,Specialized narrative-authority workflow; use only when completeness across semantic units is required.,Chapter-level evidence highlights do not prove coverage of every semantic unit represented by a narrative. Maintaining an explicit unit-to-event authority ledger makes evidence completeness testable without adding prose or unsupported claims.,"L033, L034",/n/holylabs/hlakkaraju_lab/Lab/zidi/user_simulation/oxygen-contributor-kit-2/data/stripped-trajectories-2026-09-07/trajectories/trajectory-014.jsonl.oxygen-agents/summary/insight.md
original,14,I009,direct,"Contains an actionable rule for a recurring evaluation, analysis, artifact, repository, or collection task in this workspace. Retrieve only for the matching task; repeated copies add no independent value.",Order-sensitive equality checks create false tampering or staleness failures when two stages legitimately enumerate the same identities differently. Reindexing by immutable catalog IDs and canonically comparing stable identity sets preserves exact content checks while removing incidental ordering dependence.,"L038, L039, L040, L041",/n/holylabs/hlakkaraju_lab/Lab/zidi/user_simulation/oxygen-contributor-kit-2/data/stripped-trajectories-2026-09-07/trajectories/trajectory-014.jsonl.oxygen-agents/summary/insight.md
original,14,I010,direct,"Contains an actionable rule for a recurring evaluation, analysis, artifact, repository, or collection task in this workspace. Retrieve only for the matching task; repeated copies add no independent value.","Workflow progress should be reported separately from user-visible completion. Reaching Story Privacy and Preference preparation did not satisfy the requested review pause, Preferences, Release Preview, or ZIP delivery, so the segment remains incomplete despite extensive validated intermediate work.","L001, L036, L040, L042",/n/holylabs/hlakkaraju_lab/Lab/zidi/user_simulation/oxygen-contributor-kit-2/data/stripped-trajectories-2026-09-07/trajectories/trajectory-014.jsonl.oxygen-agents/summary/insight.md
original,15,I001,direct,"Contains an actionable rule for a recurring evaluation, analysis, artifact, repository, or collection task in this workspace. Retrieve only for the matching task; repeated copies add no independent value.",Repository-boundary validation is important before branch operations in workspaces that contain nested repositories. Moving the checks to the requested directory allowed the agent to identify the relevant clean repository and remote branch state before modifying branches.,"L003, L004, L005",/n/holylabs/hlakkaraju_lab/Lab/zidi/user_simulation/oxygen-contributor-kit-2/data/stripped-trajectories-2026-09-07/trajectories/trajectory-015.jsonl.oxygen-agents/summary/insight.md
original,15,I002,conditional,Only applicable when a distinct commit is explicitly required; do not manufacture empty commits by default.,"When a requested branch must include a new commit but the base branch already contains all desired files, an explicitly disclosed empty commit can satisfy the commit requirement while preserving the tree exactly. This approach creates a distinct branch tip without inventing file changes.","L008, L009, L010, L014",/n/holylabs/hlakkaraju_lab/Lab/zidi/user_simulation/oxygen-contributor-kit-2/data/stripped-trajectories-2026-09-07/trajectories/trajectory-015.jsonl.oxygen-agents/summary/insight.md
original,15,I003,conditional,Mainly an evidential limitation of a stripped transcript; missing tool output does not prove the actual operation failed.,"Repeated execution with network permission can address an environment restriction during a push, but a final status statement cannot substitute for retained command results in an auditable trajectory. When results are unavailable, summaries should attribute success to the reporting participant and preserve the verification gap.","L011, L012, L015",/n/holylabs/hlakkaraju_lab/Lab/zidi/user_simulation/oxygen-contributor-kit-2/data/stripped-trajectories-2026-09-07/trajectories/trajectory-015.jsonl.oxygen-agents/summary/insight.md
original,16,I001,direct,"Contains an actionable rule for a recurring evaluation, analysis, artifact, repository, or collection task in this workspace. Retrieve only for the matching task; repeated copies add no independent value.","Session discovery can remain deterministic and privacy-conscious by making the initial metadata record the sole classification boundary. Workspace membership, actor type, and source eligibility can be decided without inspecting conversation text, while path-component matching prevents similarly prefixed sibling directories from being included.","L003, L004, L006",/n/holylabs/hlakkaraju_lab/Lab/zidi/user_simulation/oxygen-contributor-kit-2/data/stripped-trajectories-2026-09-07/trajectories/trajectory-016.jsonl.oxygen-agents/summary/insight.md
original,16,I002,direct,"Contains an actionable rule for a recurring evaluation, analysis, artifact, repository, or collection task in this workspace. Retrieve only for the matching task; repeated copies add no independent value.","Collecting live append-only logs safely requires a defined snapshot boundary and verification after copying. Capturing only through the last complete record, hashing and rereading the captured prefix, and checking file identity permits benign appends while detecting truncation, replacement, and edits to already observed bytes.","L005, L008, L010",/n/holylabs/hlakkaraju_lab/Lab/zidi/user_simulation/oxygen-contributor-kit-2/data/stripped-trajectories-2026-09-07/trajectories/trajectory-016.jsonl.oxygen-agents/summary/insight.md
original,16,I003,direct,"Contains an actionable rule for a recurring evaluation, analysis, artifact, repository, or collection task in this workspace. Retrieve only for the matching task; repeated copies add no independent value.","Privacy and provenance are part of the collection format rather than later cleanup steps. Restrictive permissions, output-location guards, content-free diagnostics, per-snapshot hashes, and retained source locations allow downstream processing and auditing without placing raw conversation text in the manifest.","L006, L008, L010",/n/holylabs/hlakkaraju_lab/Lab/zidi/user_simulation/oxygen-contributor-kit-2/data/stripped-trajectories-2026-09-07/trajectories/trajectory-016.jsonl.oxygen-agents/summary/insight.md
original,16,I004,direct,"Contains an actionable rule for a recurring evaluation, analysis, artifact, repository, or collection task in this workspace. Retrieve only for the matching task; repeated copies add no independent value.","Passing synthetic behavioral tests did not establish acceptable performance on the live session store. The live metadata scan exposed an I/O problem and led to positional reads for prefix work, showing that filesystem-scale dry runs are a necessary complement to correctness tests for tools that traverse many active logs.","L011, L012, L014",/n/holylabs/hlakkaraju_lab/Lab/zidi/user_simulation/oxygen-contributor-kit-2/data/stripped-trajectories-2026-09-07/trajectories/trajectory-016.jsonl.oxygen-agents/summary/insight.md
original,16,I005,conditional,"Specific frozen-record limitation; useful for auditors, but not independent evidence of an execution failure.","A successful dry run and validated implementation do not establish that a later materializing run completed. When a frozen record ends immediately after command invocation, downstream workflows should treat the requested artifacts as unresolved until a result or manifest is independently observed.","L014, L016, L017, L018",/n/holylabs/hlakkaraju_lab/Lab/zidi/user_simulation/oxygen-contributor-kit-2/data/stripped-trajectories-2026-09-07/trajectories/trajectory-016.jsonl.oxygen-agents/summary/insight.md
redacted,1,I001,exclude,Greeting-only observation adds little beyond baseline assistant behavior.,"When an interaction begins without an actionable objective, asking the user to state the desired work is an appropriate scope-preserving response; there is no evidence about whether this prompt led to a substantive follow-up.","L001, L002",/n/holylabs/hlakkaraju_lab/Lab/zidi/user_simulation/oxygen-contributor-kit-2/data/processed-trajectories-2026-09-07/trajectory-001/insight_redacted.md
redacted,2,I001,direct,"Contains an actionable rule for a recurring evaluation, analysis, artifact, repository, or collection task in this workspace. Retrieve only for the matching task; repeated copies add no independent value.","Task-level benchmark logic can be separated from a heavy training harness, but equivalence must be claimed at the correct layer. Preserving prompts, interaction loops, parsing, and rewards can retain core task behavior even when orchestration changes; successful smoke tests establish operability, while protocol equivalence still requires checking model routing and execution semantics.","L001, L002, L004, L005, L006",/n/holylabs/hlakkaraju_lab/Lab/zidi/user_simulation/oxygen-contributor-kit-2/data/processed-trajectories-2026-09-07/trajectory-002/insight_redacted.md
redacted,2,I002,direct,"Contains an actionable rule for a recurring evaluation, analysis, artifact, repository, or collection task in this workspace. Retrieve only for the matching task; repeated copies add no independent value.","A broad compatibility override can silently collapse distinct experimental roles. When one setting replaces the simulator, interaction partner, generator, and evaluator at once, model comparisons become confounded even if every job completes successfully.","L019, L020, L021, L022, L023",/n/holylabs/hlakkaraju_lab/Lab/zidi/user_simulation/oxygen-contributor-kit-2/data/processed-trajectories-2026-09-07/trajectory-002/insight_redacted.md
redacted,2,I003,direct,"Contains an actionable rule for a recurring evaluation, analysis, artifact, repository, or collection task in this workspace. Retrieve only for the matching task; repeated copies add no independent value.","The minimum valid rerun depends on where a changed component enters the causal path. A saved single-turn answer can be rejudged because the judge runs after generation, whereas changing an interactive assistant requires regenerating the trajectory and downstream output because assistant behavior shapes later actions and scores.","L022, L025, L026, L027, L031, L032",/n/holylabs/hlakkaraju_lab/Lab/zidi/user_simulation/oxygen-contributor-kit-2/data/processed-trajectories-2026-09-07/trajectory-002/insight_redacted.md
redacted,2,I004,direct,"Contains an actionable rule for a recurring evaluation, analysis, artifact, repository, or collection task in this workspace. Retrieve only for the matching task; repeated copies add no independent value.","Protocol corrections are easier to audit when outputs remain separate and runs expose role-specific settings. Isolated corrected results preserve evidence from the earlier protocol, while focused preflights and runtime tracing verify that each auxiliary role receives the intended model.","L025, L028, L029, L030",/n/holylabs/hlakkaraju_lab/Lab/zidi/user_simulation/oxygen-contributor-kit-2/data/processed-trajectories-2026-09-07/trajectory-002/insight_redacted.md
redacted,2,I005,direct,"Contains an actionable rule for a recurring evaluation, analysis, artifact, repository, or collection task in this workspace. Retrieve only for the matching task; repeated copies add no independent value.","A small end-to-end API preflight can detect deterministic access and schema failures, but it does not establish that provider quota is sufficient for a full benchmark. Launch validation should also estimate the total request volume and compare it with applicable limits.","L008, L009",/n/holylabs/hlakkaraju_lab/Lab/zidi/user_simulation/oxygen-contributor-kit-2/data/processed-trajectories-2026-09-07/trajectory-002/insight_redacted.md
redacted,2,I006,direct,"Contains an actionable rule for a recurring evaluation, analysis, artifact, repository, or collection task in this workspace. Retrieve only for the matching task; repeated copies add no independent value.",An overall mean can hide both protocol confounding and unequal suite weights. Model comparisons should report task and suite aggregates and compare only runs with the same role assignments.,"L016, L023, L033, L034",/n/holylabs/hlakkaraju_lab/Lab/zidi/user_simulation/oxygen-contributor-kit-2/data/processed-trajectories-2026-09-07/trajectory-002/insight_redacted.md
redacted,2,I007,direct,"Contains an actionable rule for a recurring evaluation, analysis, artifact, repository, or collection task in this workspace. Retrieve only for the matching task; repeated copies add no independent value.","Separating scheduler dependencies from provider-capacity decisions lets unrelated work proceed without losing the intended order. Before releasing a dependency or moving pending work, verify the active job's health and preserve clear distinctions among complete, partial, blocked, running, and queued states.","L009, L010, L011, L012",/n/holylabs/hlakkaraju_lab/Lab/zidi/user_simulation/oxygen-contributor-kit-2/data/processed-trajectories-2026-09-07/trajectory-002/insight_redacted.md
redacted,2,I008,direct,"Contains an actionable rule for a recurring evaluation, analysis, artifact, repository, or collection task in this workspace. Retrieve only for the matching task; repeated copies add no independent value.","Dataset row counts must be interpreted together with provenance and evaluation purpose. Sets derived from the same source corpus can represent different evaluation protocols, and an undocumented sampling procedure should remain an explicit uncertainty rather than being inferred from overlap.","L031, L032, L035, L036",/n/holylabs/hlakkaraju_lab/Lab/zidi/user_simulation/oxygen-contributor-kit-2/data/processed-trajectories-2026-09-07/trajectory-002/insight_redacted.md
redacted,2,I009,direct,"Contains an actionable rule for a recurring evaluation, analysis, artifact, repository, or collection task in this workspace. Retrieve only for the matching task; repeated copies add no independent value.","A reusable behavioral-analysis layer benefits from normalizing distinct tasks into shared episode concepts before aggregation. Consistent tokenization and common representations allow the same measures to scale from episodes to tasks, suites, and models while still supporting task-specific extensions.","L013, L014, L015, L016, L017",/n/holylabs/hlakkaraju_lab/Lab/zidi/user_simulation/oxygen-contributor-kit-2/data/processed-trajectories-2026-09-07/trajectory-002/insight_redacted.md
redacted,3,I001,direct,"Contains an actionable rule for a recurring evaluation, analysis, artifact, repository, or collection task in this workspace. Retrieve only for the matching task; repeated copies add no independent value.","Reusing task logic does not preserve an evaluation protocol when the execution layer changes model-role routing. Auxiliary roles are part of the experimental condition, so assignments should be explicit and validated before producing comparative rankings.","L007, L017, L018, L019, L020, L021",/n/holylabs/hlakkaraju_lab/Lab/zidi/user_simulation/oxygen-contributor-kit-2/data/processed-trajectories-2026-09-07/trajectory-003/insight_redacted.md
redacted,3,I002,direct,"Contains an actionable rule for a recurring evaluation, analysis, artifact, repository, or collection task in this workspace. Retrieve only for the matching task; repeated copies add no independent value.","The cheapest valid correction depends on interaction structure. Saved single-turn target responses can be rejudged under a replacement judge, while an interactive trajectory must be regenerated when the counterpart changes because later actions depend on earlier messages.","L022, L026, L027, L028",/n/holylabs/hlakkaraju_lab/Lab/zidi/user_simulation/oxygen-contributor-kit-2/data/processed-trajectories-2026-09-07/trajectory-003/insight_redacted.md
redacted,3,I003,direct,"Contains an actionable rule for a recurring evaluation, analysis, artifact, repository, or collection task in this workspace. Retrieve only for the matching task; repeated copies add no independent value.","A one-example preflight can establish access, schema compatibility, and basic routing, but it does not establish capacity for a full evaluation. Capacity checks should estimate the full request budget and compare it with applicable account limits before submission.","L009, L010, L011",/n/holylabs/hlakkaraju_lab/Lab/zidi/user_simulation/oxygen-contributor-kit-2/data/processed-trajectories-2026-09-07/trajectory-003/insight_redacted.md
redacted,3,I004,direct,"Contains an actionable rule for a recurring evaluation, analysis, artifact, repository, or collection task in this workspace. Retrieve only for the matching task; repeated copies add no independent value.","Separating credentials prevents unintended fallback between execution lanes, but access policy and quota capacity remain independent constraints that require their own validation.","L010, L011, L012",/n/holylabs/hlakkaraju_lab/Lab/zidi/user_simulation/oxygen-contributor-kit-2/data/processed-trajectories-2026-09-07/trajectory-003/insight_redacted.md
redacted,3,I005,direct,"Contains an actionable rule for a recurring evaluation, analysis, artifact, repository, or collection task in this workspace. Retrieve only for the matching task; repeated copies add no independent value.",A fixed auxiliary assistant improves comparison among tested user simulators but does not reproduce references collected under several different assistants. Fixed-assistant and provenance-matched studies therefore answer different questions about simulated behavior.,"L023, L024, L025",/n/holylabs/hlakkaraju_lab/Lab/zidi/user_simulation/oxygen-contributor-kit-2/data/processed-trajectories-2026-09-07/trajectory-003/insight_redacted.md
redacted,3,I006,direct,"Contains an actionable rule for a recurring evaluation, analysis, artifact, repository, or collection task in this workspace. Retrieve only for the matching task; repeated copies add no independent value.",An overall episode mean can obscure suite behavior when one suite contributes more examples and the suites measure different constructs. Suite-level and task-level aggregates are necessary for interpreting comparative results.,"L016, L030, L031",/n/holylabs/hlakkaraju_lab/Lab/zidi/user_simulation/oxygen-contributor-kit-2/data/processed-trajectories-2026-09-07/trajectory-003/insight_redacted.md
redacted,3,I007,direct,"Contains an actionable rule for a recurring evaluation, analysis, artifact, repository, or collection task in this workspace. Retrieve only for the matching task; repeated copies add no independent value.","A normalization layer makes a multi-suite analyzer easier to extend: shared episode representations allow common tokenization, reference pairing, aggregation, and extension metrics across single-turn and multi-turn outputs.","L014, L015, L016",/n/holylabs/hlakkaraju_lab/Lab/zidi/user_simulation/oxygen-contributor-kit-2/data/processed-trajectories-2026-09-07/trajectory-003/insight_redacted.md
redacted,3,I008,direct,"Contains an actionable rule for a recurring evaluation, analysis, artifact, repository, or collection task in this workspace. Retrieve only for the matching task; repeated copies add no independent value.","Routing checks establish which model identifier a client requested, but auditability also requires persisting the provider-returned identifier so later reviewers can detect aliases, fallbacks, or backend substitutions.",L029,/n/holylabs/hlakkaraju_lab/Lab/zidi/user_simulation/oxygen-contributor-kit-2/data/processed-trajectories-2026-09-07/trajectory-003/insight_redacted.md
redacted,3,I009,direct,"Contains an actionable rule for a recurring evaluation, analysis, artifact, repository, or collection task in this workspace. Retrieve only for the matching task; repeated copies add no independent value.","Scores inferred by a judge from responses should be described as judge-assessed alignment, especially when the target and judge receive asymmetric context and no independently labeled attributes are available.",L030,/n/holylabs/hlakkaraju_lab/Lab/zidi/user_simulation/oxygen-contributor-kit-2/data/processed-trajectories-2026-09-07/trajectory-003/insight_redacted.md
redacted,3,I010,direct,"Contains an actionable rule for a recurring evaluation, analysis, artifact, repository, or collection task in this workspace. Retrieve only for the matching task; repeated copies add no independent value.","Dataset size should be interpreted using the actual sampling unit and evaluated role. Conversation rows, unique tasks, and subsets designed for a different role are not interchangeable measures of coverage, and unavailable selection provenance should remain an explicit limitation.",L032,/n/holylabs/hlakkaraju_lab/Lab/zidi/user_simulation/oxygen-contributor-kit-2/data/processed-trajectories-2026-09-07/trajectory-003/insight_redacted.md
redacted,4,I001,direct,"Contains an actionable rule for a recurring evaluation, analysis, artifact, repository, or collection task in this workspace. Retrieve only for the matching task; repeated copies add no independent value.","For resumable batch evaluations, path resolution is part of correctness. Resolving resources from the submission location avoids failures caused by scheduler-controlled temporary directories.","L003, L004",/n/holylabs/hlakkaraju_lab/Lab/zidi/user_simulation/oxygen-contributor-kit-2/data/processed-trajectories-2026-09-07/trajectory-004/insight_redacted.md
redacted,4,I002,direct,"Contains an actionable rule for a recurring evaluation, analysis, artifact, repository, or collection task in this workspace. Retrieve only for the matching task; repeated copies add no independent value.","Single-example provider preflights can detect route-access failures, but they do not establish whether a full run fits within quota limits. Batch planning therefore needs separate access and capacity checks.",L005,/n/holylabs/hlakkaraju_lab/Lab/zidi/user_simulation/oxygen-contributor-kit-2/data/processed-trajectories-2026-09-07/trajectory-004/insight_redacted.md
redacted,4,I003,direct,"Contains an actionable rule for a recurring evaluation, analysis, artifact, repository, or collection task in this workspace. Retrieve only for the matching task; repeated copies add no independent value.",A combined score can conceal suite-specific reversals when one suite contributes most episodes. Model comparisons should therefore report suite and task results separately.,"L009, L010",/n/holylabs/hlakkaraju_lab/Lab/zidi/user_simulation/oxygen-contributor-kit-2/data/processed-trajectories-2026-09-07/trajectory-004/insight_redacted.md
redacted,4,I004,direct,"Contains an actionable rule for a recurring evaluation, analysis, artifact, repository, or collection task in this workspace. Retrieve only for the matching task; repeated copies add no independent value.","Auxiliary-role routing is an experimental variable in interactive evaluation. Changing a judge can support rejudging saved single-turn responses, but changing an assistant alters multi-turn trajectories and requires regeneration.","L011, L012, L013, L014",/n/holylabs/hlakkaraju_lab/Lab/zidi/user_simulation/oxygen-contributor-kit-2/data/processed-trajectories-2026-09-07/trajectory-004/insight_redacted.md
redacted,4,I005,direct,"Contains an actionable rule for a recurring evaluation, analysis, artifact, repository, or collection task in this workspace. Retrieve only for the matching task; repeated copies add no independent value.","Dataset source, subset selection, interaction roles, requested models, and served backends are distinct levels of evaluation provenance. Missing any of them can leave reproducibility or comparability gaps.","L016, L018",/n/holylabs/hlakkaraju_lab/Lab/zidi/user_simulation/oxygen-contributor-kit-2/data/processed-trajectories-2026-09-07/trajectory-004/insight_redacted.md
redacted,4,I006,direct,"Contains an actionable rule for a recurring evaluation, analysis, artifact, repository, or collection task in this workspace. Retrieve only for the matching task; repeated copies add no independent value.","A reusable evaluator analysis benefits from shared token accounting, explicit suite-level aggregation, and extension hooks. Checking extracted quantities against evaluator-recorded invariants provides evidence that the analysis preserves task semantics.","L007, L008",/n/holylabs/hlakkaraju_lab/Lab/zidi/user_simulation/oxygen-contributor-kit-2/data/processed-trajectories-2026-09-07/trajectory-004/insight_redacted.md
redacted,4,I007,direct,"Contains an actionable rule for a recurring evaluation, analysis, artifact, repository, or collection task in this workspace. Retrieve only for the matching task; repeated copies add no independent value.","Randomizing candidate order and recording position counts supports bias audits, but anonymous identifiers should be constrained to fixed schema values. Free-form identifiers can create parsing failures that retries do not reliably resolve.","L019, L020",/n/holylabs/hlakkaraju_lab/Lab/zidi/user_simulation/oxygen-contributor-kit-2/data/processed-trajectories-2026-09-07/trajectory-004/insight_redacted.md
redacted,4,I008,conditional,Throughput hypothesis lacks local cost measurements after redaction; benchmark before changing execution.,"Candidate count alone does not determine comparative-judging cost. Prompt compression can offset additional response context, while generated output length and sequential judges may dominate latency.",L021,/n/holylabs/hlakkaraju_lab/Lab/zidi/user_simulation/oxygen-contributor-kit-2/data/processed-trajectories-2026-09-07/trajectory-004/insight_redacted.md
redacted,5,I001,direct,"Contains an actionable rule for a recurring evaluation, analysis, artifact, repository, or collection task in this workspace. Retrieve only for the matching task; repeated copies add no independent value.",Model routing is part of an evaluation protocol. A compatibility override silently collapsed several roles into one model and changed the experiment into self-play and self-judging. Role-specific configuration and routing checks are necessary before interpreting cross-model scores.,"L011, L012, L013, L014",/n/holylabs/hlakkaraju_lab/Lab/zidi/user_simulation/oxygen-contributor-kit-2/data/processed-trajectories-2026-09-07/trajectory-005/insight_redacted.md
redacted,5,I002,direct,"Contains an actionable rule for a recurring evaluation, analysis, artifact, repository, or collection task in this workspace. Retrieve only for the matching task; repeated copies add no independent value.","Top-one win rate is sensitive to candidate composition and discards score margins. A system can have comparable average quality yet win rarely when its strongest examples overlap with a stronger competitor. Absolute scores, pairwise credit, margin distributions, and uncertainty should remain separate outputs.","L015, L016, L017, L018",/n/holylabs/hlakkaraju_lab/Lab/zidi/user_simulation/oxygen-contributor-kit-2/data/processed-trajectories-2026-09-07/trajectory-005/insight_redacted.md
redacted,5,I003,direct,"Contains an actionable rule for a recurring evaluation, analysis, artifact, repository, or collection task in this workspace. Retrieve only for the matching task; repeated copies add no independent value.","A lower-assumption validation metric still requires tight controls over support and information flow. Fixed source-derived comparisons, identical support across systems and judges, removal of identity and assistant leakage, and dataset-level aggregation reduce the risk that the audit measures metadata or unsupported per-user effects.","L020, L021, L022, L024",/n/holylabs/hlakkaraju_lab/Lab/zidi/user_simulation/oxygen-contributor-kit-2/data/processed-trajectories-2026-09-07/trajectory-005/insight_redacted.md
redacted,5,I004,direct,"Contains an actionable rule for a recurring evaluation, analysis, artifact, repository, or collection task in this workspace. Retrieve only for the matching task; repeated copies add no independent value.","A small end-to-end smoke test can expose operational defects before a large judging wave. Short batch-local identifiers reduced structured-output failures, and resumable item-level recovery limited the cost of missing judgments, though recovery paths remained necessary in the full protocol.","L025, L026, L029",/n/holylabs/hlakkaraju_lab/Lab/zidi/user_simulation/oxygen-contributor-kit-2/data/processed-trajectories-2026-09-07/trajectory-005/insight_redacted.md
redacted,5,I005,direct,"Contains an actionable rule for a recurring evaluation, analysis, artifact, repository, or collection task in this workspace. Retrieve only for the matching task; repeated copies add no independent value.","Order reversal revealed judge instability in the smoke test, but the larger run omitted reversal to reduce cost. Future large evaluations can retain reversals on a fixed calibration subset so order sensitivity remains measurable.","L027, L028",/n/holylabs/hlakkaraju_lab/Lab/zidi/user_simulation/oxygen-contributor-kit-2/data/processed-trajectories-2026-09-07/trajectory-005/insight_redacted.md
redacted,5,I006,direct,"Contains an actionable rule for a recurring evaluation, analysis, artifact, repository, or collection task in this workspace. Retrieve only for the matching task; repeated copies add no independent value.","Distance-based audit components discard direction, so a low or high gap is ambiguous without signed diagnostics. Low specificity distance can mean shared correctness, uncertainty, or error, while high source distance can reflect confident correct or incorrect discrimination. Direction, selection rates, and midpoint frequency should accompany distance measures.","L021, L023, L030",/n/holylabs/hlakkaraju_lab/Lab/zidi/user_simulation/oxygen-contributor-kit-2/data/processed-trajectories-2026-09-07/trajectory-005/insight_redacted.md
redacted,5,I007,direct,"Contains an actionable rule for a recurring evaluation, analysis, artifact, repository, or collection task in this workspace. Retrieve only for the matching task; repeated copies add no independent value.",Agreement between a benchmark evaluator and a direct audit is an empirical result. Differing smoke-test rankings and small full-audit system differences require uncertainty estimates and cross-judge comparison before supporting a validation claim.,"L024, L027, L029, L030",/n/holylabs/hlakkaraju_lab/Lab/zidi/user_simulation/oxygen-contributor-kit-2/data/processed-trajectories-2026-09-07/trajectory-005/insight_redacted.md
redacted,6,I001,direct,"Contains an actionable rule for a recurring evaluation, analysis, artifact, repository, or collection task in this workspace. Retrieve only for the matching task; repeated copies add no independent value.","A lightweight compatibility harness can preserve task-level evaluation logic while removing large training dependencies, but launcher behavior remains part of evaluation reliability. A successful local smoke test did not cover the scheduler's execution context, so resolving paths from the submission directory was necessary for a reliable remote run.","L002, L003, L005, L006",/n/holylabs/hlakkaraju_lab/Lab/zidi/user_simulation/oxygen-contributor-kit-2/data/processed-trajectories-2026-09-07/trajectory-006/insight_redacted.md
redacted,6,I002,direct,"Contains an actionable rule for a recurring evaluation, analysis, artifact, repository, or collection task in this workspace. Retrieve only for the matching task; repeated copies add no independent value.","One-row end-to-end preflights can detect schema incompatibility and deterministic access restrictions before large evaluations are submitted. They cannot predict later quota exhaustion, so resumability and quota-aware scheduling remain necessary.","L004, L007, L009",/n/holylabs/hlakkaraju_lab/Lab/zidi/user_simulation/oxygen-contributor-kit-2/data/processed-trajectories-2026-09-07/trajectory-006/insight_redacted.md
redacted,6,I003,direct,"Contains an actionable rule for a recurring evaluation, analysis, artifact, repository, or collection task in this workspace. Retrieve only for the matching task; repeated copies add no independent value.","Explicit credential lanes support concurrent provider use without accidental fallback, while dependency chains and temporary scheduler overrides control load. One-time infrastructure exceptions can remain separate from persistent scheduling policy.","L008, L010",/n/holylabs/hlakkaraju_lab/Lab/zidi/user_simulation/oxygen-contributor-kit-2/data/processed-trajectories-2026-09-07/trajectory-006/insight_redacted.md
redacted,6,I004,direct,"Contains an actionable rule for a recurring evaluation, analysis, artifact, repository, or collection task in this workspace. Retrieve only for the matching task; repeated copies add no independent value.","A reusable multi-model analysis layer benefits from schema normalization, a shared tokenizer, extensible episode measures, and machine-readable output. Suite-level aggregation improves comparison while per-task results remain necessary when task counts weight a combined score unevenly.","L011, L012, L017",/n/holylabs/hlakkaraju_lab/Lab/zidi/user_simulation/oxygen-contributor-kit-2/data/processed-trajectories-2026-09-07/trajectory-006/insight_redacted.md
redacted,6,I005,direct,"Contains an actionable rule for a recurring evaluation, analysis, artifact, repository, or collection task in this workspace. Retrieve only for the matching task; repeated copies add no independent value.","Evaluation-role routing is a methodological parameter. Collapsing simulator, assistant, generator, and judge onto the target changes both the interaction and its scoring; in multi-turn evaluations, later rejudging cannot reconstruct the trajectory that a fixed assistant would have produced. Role-specific configuration should therefore be explicit before a large run.","L013, L014, L015, L020, L022",/n/holylabs/hlakkaraju_lab/Lab/zidi/user_simulation/oxygen-contributor-kit-2/data/processed-trajectories-2026-09-07/trajectory-006/insight_redacted.md
redacted,6,I006,direct,"Contains an actionable rule for a recurring evaluation, analysis, artifact, repository, or collection task in this workspace. Retrieve only for the matching task; repeated copies add no independent value.","Conversation-level benchmarks carry interaction context beyond the user prompt. Adapted samples from larger human-conversation corpora should be described according to their actual simulator protocol, especially when their selection procedure is unknown and they overlap only partly with another benchmark subset.","L016, L018, L019",/n/holylabs/hlakkaraju_lab/Lab/zidi/user_simulation/oxygen-contributor-kit-2/data/processed-trajectories-2026-09-07/trajectory-006/insight_redacted.md
redacted,6,I007,direct,"Contains an actionable rule for a recurring evaluation, analysis, artifact, repository, or collection task in this workspace. Retrieve only for the matching task; repeated copies add no independent value.","Saved responses make judge replacement relatively controlled for single-turn evaluations because generation can remain fixed while scoring changes. Multi-turn evaluations require full regeneration after an assistant change. Preflights should cover response reuse, interaction routing, and task-specific generation separately because each exercises a distinct boundary.","L021, L022, L023",/n/holylabs/hlakkaraju_lab/Lab/zidi/user_simulation/oxygen-contributor-kit-2/data/processed-trajectories-2026-09-07/trajectory-006/insight_redacted.md
redacted,6,I008,direct,"Contains an actionable rule for a recurring evaluation, analysis, artifact, repository, or collection task in this workspace. Retrieve only for the matching task; repeated copies add no independent value.","A job-per-pair evaluation matrix can exceed scheduler limits even when runtime concurrency is low. Consolidating multiple pairings into one resumable lane per judge reduces queued-job pressure, while retaining started work and cancelling only pending duplicates avoids wasted computation.","L027, L028",/n/holylabs/hlakkaraju_lab/Lab/zidi/user_simulation/oxygen-contributor-kit-2/data/processed-trajectories-2026-09-07/trajectory-006/insight_redacted.md
redacted,6,I009,direct,"Contains an actionable rule for a recurring evaluation, analysis, artifact, repository, or collection task in this workspace. Retrieve only for the matching task; repeated copies add no independent value.",Aggregation must filter results by evaluation protocol. A numerically valid comparison from a different experiment can answer the wrong question; restricting inputs to the intended protocol and intersecting covered examples per target makes missing responses explicit. Judge-level averages also reveal scale differences that can influence an uncalibrated combined score.,"L029, L030, L031",/n/holylabs/hlakkaraju_lab/Lab/zidi/user_simulation/oxygen-contributor-kit-2/data/processed-trajectories-2026-09-07/trajectory-006/insight_redacted.md
redacted,7,I001,direct,"Contains an actionable rule for a recurring evaluation, analysis, artifact, repository, or collection task in this workspace. Retrieve only for the matching task; repeated copies add no independent value.","Replacing a heavyweight remote-model harness can preserve task logic, but the smaller runner assumes responsibility for endpoint compatibility and batch execution semantics. Structured-output normalization and scheduler-aware environment resolution were both necessary before the workflow ran reliably.","L002, L003, L004",/n/holylabs/hlakkaraju_lab/Lab/zidi/user_simulation/oxygen-contributor-kit-2/data/processed-trajectories-2026-09-07/trajectory-007/insight_redacted.md
redacted,7,I002,conditional,Soak test is a proposed extra expense; use selectively and retain separate quota estimation.,A one-item preflight can establish authorization and basic response compatibility without proving sustained endpoint capacity. Batch readiness should include a modest multi-item or concurrent soak test plus explicit retry and error-budget criteria.,"L006, L007",/n/holylabs/hlakkaraju_lab/Lab/zidi/user_simulation/oxygen-contributor-kit-2/data/processed-trajectories-2026-09-07/trajectory-007/insight_redacted.md
redacted,7,I003,direct,"Contains an actionable rule for a recurring evaluation, analysis, artifact, repository, or collection task in this workspace. Retrieve only for the matching task; repeated copies add no independent value.",Dependency chains control shared service load but can couple progress to the slowest evaluation and current compute availability. Isolated outputs and editable dependencies make rescheduling safer and reduce duplicate work.,L008,/n/holylabs/hlakkaraju_lab/Lab/zidi/user_simulation/oxygen-contributor-kit-2/data/processed-trajectories-2026-09-07/trajectory-007/insight_redacted.md
redacted,7,I004,direct,"Contains an actionable rule for a recurring evaluation, analysis, artifact, repository, or collection task in this workspace. Retrieve only for the matching task; repeated copies add no independent value.","Model routing is part of an evaluation's experimental definition. Silently substituting the target model into auxiliary roles can convert a fixed-environment comparison into self-play, changing trajectories and score calibration even when the task logic appears unchanged.","L011, L012, L013",/n/holylabs/hlakkaraju_lab/Lab/zidi/user_simulation/oxygen-contributor-kit-2/data/processed-trajectories-2026-09-07/trajectory-007/insight_redacted.md
redacted,7,I005,direct,"Contains an actionable rule for a recurring evaluation, analysis, artifact, repository, or collection task in this workspace. Retrieve only for the matching task; repeated copies add no independent value.","Explicit target, assistant, document-generator, and judge settings make reruns auditable and support selective recomputation. Target responses can be reused when only judging changes, while conversations must be regenerated when assistant responses influence later turns.","L013, L014, L015",/n/holylabs/hlakkaraju_lab/Lab/zidi/user_simulation/oxygen-contributor-kit-2/data/processed-trajectories-2026-09-07/trajectory-007/insight_redacted.md
redacted,7,I006,direct,"Contains an actionable rule for a recurring evaluation, analysis, artifact, repository, or collection task in this workspace. Retrieve only for the matching task; repeated copies add no independent value.","Cross-model behavior analysis benefits from normalizing stored message wrappers before applying one shared tokenizer and from retaining episode-, task-, and model-level aggregates. Extension hooks allow new metrics to reuse the same parsing and aggregation pipeline.","L009, L010",/n/holylabs/hlakkaraju_lab/Lab/zidi/user_simulation/oxygen-contributor-kit-2/data/processed-trajectories-2026-09-07/trajectory-007/insight_redacted.md
redacted,7,I007,direct,"Contains an actionable rule for a recurring evaluation, analysis, artifact, repository, or collection task in this workspace. Retrieve only for the matching task; repeated copies add no independent value.",Judge-generated behavioral dimensions are interpretations of free-text responses rather than independently labeled latent variables. Conclusions should therefore be framed as judge-mediated response alignment rather than direct recovery of latent state.,"L017, L018, L019",/n/holylabs/hlakkaraju_lab/Lab/zidi/user_simulation/oxygen-contributor-kit-2/data/processed-trajectories-2026-09-07/trajectory-007/insight_redacted.md
redacted,7,I008,direct,"Contains an actionable rule for a recurring evaluation, analysis, artifact, repository, or collection task in this workspace. Retrieve only for the matching task; repeated copies add no independent value.",An evaluation can contain prompts for capabilities that its active reward does not measure. Metric interpretation should follow the executed evaluation path and aggregation formula rather than the inventory of available prompt templates.,"L020, L021, L022",/n/holylabs/hlakkaraju_lab/Lab/zidi/user_simulation/oxygen-contributor-kit-2/data/processed-trajectories-2026-09-07/trajectory-007/insight_redacted.md
redacted,7,I009,conditional,Matching is too absolute; the need depends on the estimand and what text the judge sees.,"Conversation-level human-versus-simulator judgments require matched assistant conditions because the judge sees both sides of the exchange. Without matching, distinguishability can reflect environmental differences rather than user behavior.","L023, L024, L025",/n/holylabs/hlakkaraju_lab/Lab/zidi/user_simulation/oxygen-contributor-kit-2/data/processed-trajectories-2026-09-07/trajectory-007/insight_redacted.md
redacted,7,I010,direct,"Contains an actionable rule for a recurring evaluation, analysis, artifact, repository, or collection task in this workspace. Retrieve only for the matching task; repeated copies add no independent value.",The presence of a paper prompt in copied source does not establish metric reproduction. A defensible claim requires evidence that the prompt is invoked and aggregated according to the described procedure; modified diagnostic variants need distinct names and scopes.,"L022, L023, L025",/n/holylabs/hlakkaraju_lab/Lab/zidi/user_simulation/oxygen-contributor-kit-2/data/processed-trajectories-2026-09-07/trajectory-007/insight_redacted.md
redacted,8,I001,direct,"Contains an actionable rule for a recurring evaluation, analysis, artifact, repository, or collection task in this workspace. Retrieve only for the matching task; repeated copies add no independent value.","A compatibility layer that rewrites model selection globally can silently change the experimental unit by assigning the target model to auxiliary roles. Role-specific configuration, routing tests, and retained backend identity evidence are needed before scores can be treated as comparable with a source protocol.","L005, L015, L016, L017, L019, L020, L021",/n/holylabs/hlakkaraju_lab/Lab/zidi/user_simulation/oxygen-contributor-kit-2/data/processed-trajectories-2026-09-07/trajectory-008/insight_redacted.md
redacted,8,I002,direct,"Contains an actionable rule for a recurring evaluation, analysis, artifact, repository, or collection task in this workspace. Retrieve only for the matching task; repeated copies add no independent value.","A reusable evaluation analyzer benefits from separating schema adaptation, text normalization, shared tokenization, per-episode metrics, and aggregation. This lets the same saved outputs support several task-, suite-, and model-level comparisons without changing generation.","L011, L012, L013, L014",/n/holylabs/hlakkaraju_lab/Lab/zidi/user_simulation/oxygen-contributor-kit-2/data/processed-trajectories-2026-09-07/trajectory-008/insight_redacted.md
redacted,8,I003,direct,"Contains an actionable rule for a recurring evaluation, analysis, artifact, repository, or collection task in this workspace. Retrieve only for the matching task; repeated copies add no independent value.","Small end-to-end preflights can detect access and schema failures before a large submission, but they do not establish that a route has enough request quota for a full batch. Functional validation should therefore be paired with capacity estimation.","L006, L007, L008, L009",/n/holylabs/hlakkaraju_lab/Lab/zidi/user_simulation/oxygen-contributor-kit-2/data/processed-trajectories-2026-09-07/trajectory-008/insight_redacted.md
redacted,8,I004,direct,"Contains an actionable rule for a recurring evaluation, analysis, artifact, repository, or collection task in this workspace. Retrieve only for the matching task; repeated copies add no independent value.","Scheduled evaluation is more resilient when launch paths are resolved from the project context, outputs are isolated, and work is organized into resumable lanes. Consolidating comparisons can also be necessary when scheduler limits constrain job count.","L004, L010, L023",/n/holylabs/hlakkaraju_lab/Lab/zidi/user_simulation/oxygen-contributor-kit-2/data/processed-trajectories-2026-09-07/trajectory-008/insight_redacted.md
redacted,8,I005,direct,"Contains an actionable rule for a recurring evaluation, analysis, artifact, repository, or collection task in this workspace. Retrieve only for the matching task; repeated copies add no independent value.","Anonymous comparative grading requires input-adapter validation and strict output-label validation. Preflights can expose empty-reference bugs, while label checks prevent plausible-looking but corrupted aggregate results from judge identifier confusion.","L024, L025, L026",/n/holylabs/hlakkaraju_lab/Lab/zidi/user_simulation/oxygen-contributor-kit-2/data/processed-trajectories-2026-09-07/trajectory-008/insight_redacted.md
redacted,8,I006,direct,"Contains an actionable rule for a recurring evaluation, analysis, artifact, repository, or collection task in this workspace. Retrieve only for the matching task; repeated copies add no independent value.","Mean score and top-one win rate answer different questions. Because top-one selection discards margins and requires beating every rival, pairwise credit and near-win margins are useful alongside exact wins, and incomplete judge results should remain separate rather than be imputed.","L026, L027",/n/holylabs/hlakkaraju_lab/Lab/zidi/user_simulation/oxygen-contributor-kit-2/data/processed-trajectories-2026-09-07/trajectory-008/insight_redacted.md
redacted,8,I007,direct,"Contains an actionable rule for a recurring evaluation, analysis, artifact, repository, or collection task in this workspace. Retrieve only for the matching task; repeated copies add no independent value.","Fixing the counterpart model improves experimental control but does not fully isolate simulated-user behavior, because counterpart responses remain conditioned on the simulator's preceding messages. Interaction scores therefore characterize a closed-loop trajectory, while writing-only scores more directly reflect the simulator's text.","L018, L028, L029",/n/holylabs/hlakkaraju_lab/Lab/zidi/user_simulation/oxygen-contributor-kit-2/data/processed-trajectories-2026-09-07/trajectory-008/insight_redacted.md
redacted,8,I008,direct,"Contains an actionable rule for a recurring evaluation, analysis, artifact, repository, or collection task in this workspace. Retrieve only for the matching task; repeated copies add no independent value.","Putting all candidates in one judging prompt provides shared context but introduces position and contrast effects absent from separate grading. Balanced shuffling, position audits, and careful treatment of judge scales help bound these effects.","L029, L032, L033, L034",/n/holylabs/hlakkaraju_lab/Lab/zidi/user_simulation/oxygen-contributor-kit-2/data/processed-trajectories-2026-09-07/trajectory-008/insight_redacted.md
redacted,8,I009,direct,"Contains an actionable rule for a recurring evaluation, analysis, artifact, repository, or collection task in this workspace. Retrieve only for the matching task; repeated copies add no independent value.",Aggregate rankings can conceal task-specific variation and judge calibration differences. Reports should retain task strata and account for scale differences before producing cross-judge totals.,"L030, L031, L033",/n/holylabs/hlakkaraju_lab/Lab/zidi/user_simulation/oxygen-contributor-kit-2/data/processed-trajectories-2026-09-07/trajectory-008/insight_redacted.md
redacted,9,I001,direct,"Contains an actionable rule for a recurring evaluation, analysis, artifact, repository, or collection task in this workspace. Retrieve only for the matching task; repeated copies add no independent value.","Role routing is part of the evaluation protocol. A global model override can silently convert a controlled simulator evaluation into self-play and self-judging, and correcting the judge later is insufficient when the generated interaction was already affected. Role-specific configuration and end-to-end routing checks should precede large runs.","L005, L006, L007, L008",/n/holylabs/hlakkaraju_lab/Lab/zidi/user_simulation/oxygen-contributor-kit-2/data/processed-trajectories-2026-09-07/trajectory-009/insight_redacted.md
redacted,9,I002,direct,"Contains an actionable rule for a recurring evaluation, analysis, artifact, repository, or collection task in this workspace. Retrieve only for the matching task; repeated copies add no independent value.","Anonymous comparative judging benefits from margin-aware reporting, robust identifiers, and realistic smoke tests. Top-rank wins can exaggerate small score differences, while ambiguous candidate labels and presentation position can corrupt or bias structured judgments. Pairwise credit, score margins, position checks, short local labels, and explicit missingness produce a more stable account.","L009, L011, L012, L016",/n/holylabs/hlakkaraju_lab/Lab/zidi/user_simulation/oxygen-contributor-kit-2/data/processed-trajectories-2026-09-07/trajectory-009/insight_redacted.md
redacted,9,I003,direct,"Contains an actionable rule for a recurring evaluation, analysis, artifact, repository, or collection task in this workspace. Retrieve only for the matching task; repeated copies add no independent value.","A lower-assumption audit is most useful when its claim and support are fixed before scaling. Defining it as an independent diagnostic, freezing comparison support and randomization, separating judge replications, and requiring a smoke gate prevents later implementation choices from being mistaken for evidence of ground truth.","L013, L014, L015, L016",/n/holylabs/hlakkaraju_lab/Lab/zidi/user_simulation/oxygen-contributor-kit-2/data/processed-trajectories-2026-09-07/trajectory-009/insight_redacted.md
redacted,9,I004,direct,"Contains an actionable rule for a recurring evaluation, analysis, artifact, repository, or collection task in this workspace. Retrieve only for the matching task; repeated copies add no independent value.","Evaluator validity should be interpreted alongside the reliability of the reference audit. System-level agreement can coexist with weak individual-example agreement, and judge-dependent rankings limit claims that an evaluator reliably identifies the better simulator on a particular task.","L017, L018, L019, L020",/n/holylabs/hlakkaraju_lab/Lab/zidi/user_simulation/oxygen-contributor-kit-2/data/processed-trajectories-2026-09-07/trajectory-009/insight_redacted.md
redacted,9,I005,conditional,Mostly a study-specific interpretation; rewrite as a decision rule for separating two comparison questions.,Within-system association and same-example system-pair discrimination answer different questions. An evaluator may weakly track which examples look better for one simulator yet fail to track which simulator is relatively better on the same example. The stronger specificity behavior of a simple baseline suggests that added rubric structure can introduce noise without improving the intended distinction.,"L021, L022",/n/holylabs/hlakkaraju_lab/Lab/zidi/user_simulation/oxygen-contributor-kit-2/data/processed-trajectories-2026-09-07/trajectory-009/insight_redacted.md
redacted,9,I006,direct,"Contains an actionable rule for a recurring evaluation, analysis, artifact, repository, or collection task in this workspace. Retrieve only for the matching task; repeated copies add no independent value.","A weighted scalar can hide qualitatively different component states. When distinct patterns collapse to the same score, ties increase and ranking resolution falls. Combined scores should therefore be accompanied by component distributions, tie rates, and analyses on non-tied support.","L015, L023",/n/holylabs/hlakkaraju_lab/Lab/zidi/user_simulation/oxygen-contributor-kit-2/data/processed-trajectories-2026-09-07/trajectory-009/insight_redacted.md
redacted,9,I007,direct,"Contains an actionable rule for a recurring evaluation, analysis, artifact, repository, or collection task in this workspace. Retrieve only for the matching task; repeated copies add no independent value.",Absolute gaps discard direction. Signed specificity differences and directional source-selection rates preserve whether a simulation is under- or over-specific and whether a judge correctly identifies real responses or is fooled by generated ones.,L024,/n/holylabs/hlakkaraju_lab/Lab/zidi/user_simulation/oxygen-contributor-kit-2/data/processed-trajectories-2026-09-07/trajectory-009/insight_redacted.md
redacted,10,I001,direct,"Contains an actionable rule for a recurring evaluation, analysis, artifact, repository, or collection task in this workspace. Retrieve only for the matching task; repeated copies add no independent value.","One-item end-to-end preflights are valuable for model-evaluation pipelines because they test provider access, structured-output constraints, and dataset adapters together. Here they prevented guaranteed-failing batch submissions and caught a silent nested-data bug that schema inspection alone had missed.","L004, L010, L030",/n/holylabs/hlakkaraju_lab/Lab/zidi/user_simulation/oxygen-contributor-kit-2/data/processed-trajectories-2026-09-07/trajectory-010/insight_redacted.md
redacted,10,I002,direct,"Contains an actionable rule for a recurring evaluation, analysis, artifact, repository, or collection task in this workspace. Retrieve only for the matching task; repeated copies add no independent value.","Evaluation roles are causal parts of a benchmark. Assigning simulator, interaction partner, generator, and judge roles to the target model changes both the generated evidence and its scoring. Saved responses can support controlled judge replacement for a single-turn task, while a multi-turn task requires trajectory regeneration after an assistant change because later turns depend on earlier assistant behavior.","L018, L019, L020, L022, L023",/n/holylabs/hlakkaraju_lab/Lab/zidi/user_simulation/oxygen-contributor-kit-2/data/processed-trajectories-2026-09-07/trajectory-010/insight_redacted.md
redacted,10,I003,direct,"Contains an actionable rule for a recurring evaluation, analysis, artifact, repository, or collection task in this workspace. Retrieve only for the matching task; repeated copies add no independent value.","Dataset row count alone does not identify an evaluation protocol. A larger conversation corpus, a smaller assistant benchmark, and a separate validation sample can coexist. Reliable reporting therefore needs row-level provenance and a precise statement of whether the evaluated object is an assistant, a simulated user, or a repackaged conversation sample.","L021, L025, L026",/n/holylabs/hlakkaraju_lab/Lab/zidi/user_simulation/oxygen-contributor-kit-2/data/processed-trajectories-2026-09-07/trajectory-010/insight_redacted.md
redacted,10,I004,direct,"Contains an actionable rule for a recurring evaluation, analysis, artifact, repository, or collection task in this workspace. Retrieve only for the matching task; repeated copies add no independent value.","Resumable outputs, isolated result areas, explicit credential selection, controlled concurrency, and dependency-aware consolidation make long API evaluations recoverable across scheduler failures, access restrictions, quotas, maintenance, and resource limits. These controls preserved usable partial results and prevented duplicate work as the execution plan changed.","L005, L012, L013, L014, L015, L028",/n/holylabs/hlakkaraju_lab/Lab/zidi/user_simulation/oxygen-contributor-kit-2/data/processed-trajectories-2026-09-07/trajectory-010/insight_redacted.md
redacted,10,I005,direct,"Contains an actionable rule for a recurring evaluation, analysis, artifact, repository, or collection task in this workspace. Retrieve only for the matching task; repeated copies add no independent value.","Mean score and multi-candidate win rate measure different properties. A candidate can remain close to the winner on many examples and still have a low top-one rate when its strongest cases coincide with another candidate's strengths. Pairwise credit, loss margins, rank frequencies, and fixed-anchor comparisons preserve competitiveness and depend less on the current candidate pool.","L032, L033, L035",/n/holylabs/hlakkaraju_lab/Lab/zidi/user_simulation/oxygen-contributor-kit-2/data/processed-trajectories-2026-09-07/trajectory-010/insight_redacted.md
redacted,10,I006,direct,"Contains an actionable rule for a recurring evaluation, analysis, artifact, repository, or collection task in this workspace. Retrieve only for the matching task; repeated copies add no independent value.","Stable aggregate rankings can coexist with task-specific reversals, moderate item-level judge agreement, and presentation-position effects. Reports should retain judge-by-task results and position-balance diagnostics because an aggregate can hide materially different judgments about individual behaviors.","L035, L037, L038",/n/holylabs/hlakkaraju_lab/Lab/zidi/user_simulation/oxygen-contributor-kit-2/data/processed-trajectories-2026-09-07/trajectory-010/insight_redacted.md
redacted,10,I007,direct,"Contains an actionable rule for a recurring evaluation, analysis, artifact, repository, or collection task in this workspace. Retrieve only for the matching task; repeated copies add no independent value.","Absolute-value audit distances remove direction and can merge qualitatively opposite outcomes. Source distinguishability should be accompanied by whether the judge selected the simulator as human, and specificity distance should be accompanied by a signed over- or under-specificity measure. This separates uncertainty, successful imitation, confident misclassification, and exaggerated target association.","L045, L046, L047",/n/holylabs/hlakkaraju_lab/Lab/zidi/user_simulation/oxygen-contributor-kit-2/data/processed-trajectories-2026-09-07/trajectory-010/insight_redacted.md
redacted,10,I008,conditional,Valid high-level diagnostic principle; needs named audit dimensions and an action trigger.,A proxy score can correlate with one audit dimension while remaining unrelated to another. Direct audits help identify which behavior a benchmark score captures and prevent a broad label such as human likeness from hiding narrower measurement validity.,"L043, L044",/n/holylabs/hlakkaraju_lab/Lab/zidi/user_simulation/oxygen-contributor-kit-2/data/processed-trajectories-2026-09-07/trajectory-010/insight_redacted.md
redacted,10,I009,direct,"Contains an actionable rule for a recurring evaluation, analysis, artifact, repository, or collection task in this workspace. Retrieve only for the matching task; repeated copies add no independent value.","Keeping preserved evaluation results separate from reusable analysis code made repeated methodological corrections inexpensive: model inclusion, evaluator inclusion, reward reinterpretation, and figure regeneration could change without overwriting prior evaluations.","L039, L040, L041",/n/holylabs/hlakkaraju_lab/Lab/zidi/user_simulation/oxygen-contributor-kit-2/data/processed-trajectories-2026-09-07/trajectory-010/insight_redacted.md
redacted,11,I001,direct,"Contains an actionable rule for a recurring evaluation, analysis, artifact, repository, or collection task in this workspace. Retrieve only for the matching task; repeated copies add no independent value.",Resolve the role of each supplied artifact before editing. Distinguishing the assignment brief from the editable deck clarified the implementation target and enabled a concrete preservation policy before generation.,"L002, L005, L019",/n/holylabs/hlakkaraju_lab/Lab/zidi/user_simulation/oxygen-contributor-kit-2/data/processed-trajectories-2026-09-07/trajectory-011/insight_redacted.md
redacted,11,I002,conditional,Evaluator-validity conclusion; retrieve in the relevant research context.,"Small, evaluator-sensitive leaderboard differences do not establish behavioral validity. Direct audits can reveal a much larger source-separation problem, while weak proxy-to-audit agreement shows that ranking systems and validating human-like behavior require separate evidence.","L007, L008, L009, L010",/n/holylabs/hlakkaraju_lab/Lab/zidi/user_simulation/oxygen-contributor-kit-2/data/processed-trajectories-2026-09-07/trajectory-011/insight_redacted.md
redacted,11,I003,direct,"Contains an actionable rule for a recurring evaluation, analysis, artifact, repository, or collection task in this workspace. Retrieve only for the matching task; repeated copies add no independent value.","Unequal coverage can silently change the comparison being presented. Using common support, displaying missingness and uncertainty, and auditing denominator language at the citation level help keep cross-system claims interpretable.","L006, L011, L016, L029",/n/holylabs/hlakkaraju_lab/Lab/zidi/user_simulation/oxygen-contributor-kit-2/data/processed-trajectories-2026-09-07/trajectory-011/insight_redacted.md
redacted,11,I004,conditional,"Hypothesis about realism from examples, not demonstrated improvement from an intervention.","Requested-content fidelity and source indistinguishability measure different failure modes. The examples preserved the requested signal while smoothing away hesitation, revision, or error recovery, so realistic simulation needs behavioral-process checks in addition to semantic or stylistic matching.","L017, L018",/n/holylabs/hlakkaraju_lab/Lab/zidi/user_simulation/oxygen-contributor-kit-2/data/processed-trajectories-2026-09-07/trajectory-011/insight_redacted.md
redacted,11,I005,conditional,Specialized illustration guidance; choose examples by stated criteria.,An anonymized example can clarify an aggregate metric when it illustrates the same measured mechanism and appears beside aggregate evidence. Paraphrasing and disclosing that profiles came from reference interactions preserved explanatory value while narrowing the claim appropriately.,"L017, L018, L019",/n/holylabs/hlakkaraju_lab/Lab/zidi/user_simulation/oxygen-contributor-kit-2/data/processed-trajectories-2026-09-07/trajectory-011/insight_redacted.md
redacted,11,I006,conditional,Conditional narrative recommendation; no demonstrated superiority of the proposed evaluation stages.,Negative evaluation results can support a stronger technical recommendation when metric scope is defined precisely and the failure becomes a decision rule. The resulting narrative favored multiple evaluation stages rather than forcing a winner from proxy scores that did not validate individual interactions.,"L014, L015, L022",/n/holylabs/hlakkaraju_lab/Lab/zidi/user_simulation/oxygen-contributor-kit-2/data/processed-trajectories-2026-09-07/trajectory-011/insight_redacted.md
redacted,11,I007,conditional,Specialized presentation fallback requiring a tool-availability check.,"A shared scene representation is a practical fallback when direct presentation editing is unavailable because it keeps editable slides and fixed-format output aligned. This approach still requires format-specific dependency fixes and independent structural, textual, numerical, and rendering checks.","L020, L021, L023, L025",/n/holylabs/hlakkaraju_lab/Lab/zidi/user_simulation/oxygen-contributor-kit-2/data/processed-trajectories-2026-09-07/trajectory-011/insight_redacted.md
redacted,11,I008,direct,"Contains an actionable rule for a recurring evaluation, analysis, artifact, repository, or collection task in this workspace. Retrieve only for the matching task; repeated copies add no independent value.","Programmatic generation and structural validity do not guarantee presentation quality. Rendering every slide exposed collisions and clipping, while a separate content audit found a denominator error that visual inspection alone would not catch.","L026, L027, L028, L029",/n/holylabs/hlakkaraju_lab/Lab/zidi/user_simulation/oxygen-contributor-kit-2/data/processed-trajectories-2026-09-07/trajectory-011/insight_redacted.md
redacted,12,I001,direct,"Contains an actionable rule for a recurring evaluation, analysis, artifact, repository, or collection task in this workspace. Retrieve only for the matching task; repeated copies add no independent value.","A lightweight runner can avoid unnecessary training infrastructure for an evaluation, but batch execution can change path semantics. Launchers should resolve resources from an explicit project location and validate that behavior before a full run.","L002, L004, L005",/n/holylabs/hlakkaraju_lab/Lab/zidi/user_simulation/oxygen-contributor-kit-2/data/processed-trajectories-2026-09-07/trajectory-012/insight_redacted.md
redacted,12,I002,direct,"Contains an actionable rule for a recurring evaluation, analysis, artifact, repository, or collection task in this workspace. Retrieve only for the matching task; repeated copies add no independent value.","A small end-to-end access check can prevent deterministic compatibility failures from consuming a full evaluation budget, but it does not prove that quota is sufficient for a complete run. Capacity handling and resumability remain separate requirements.","L007, L008",/n/holylabs/hlakkaraju_lab/Lab/zidi/user_simulation/oxygen-contributor-kit-2/data/processed-trajectories-2026-09-07/trajectory-012/insight_redacted.md
redacted,12,I003,direct,"Contains an actionable rule for a recurring evaluation, analysis, artifact, repository, or collection task in this workspace. Retrieve only for the matching task; repeated copies add no independent value.","Model routing is part of the experimental protocol. Collapsing target and auxiliary roles changes both generated interactions and judgments. Roles should be configured and tested independently, and multi-turn data must be regenerated when the interaction partner changes.","L012, L013, L014, L015",/n/holylabs/hlakkaraju_lab/Lab/zidi/user_simulation/oxygen-contributor-kit-2/data/processed-trajectories-2026-09-07/trajectory-012/insight_redacted.md
redacted,12,I004,direct,"Contains an actionable rule for a recurring evaluation, analysis, artifact, repository, or collection task in this workspace. Retrieve only for the matching task; repeated copies add no independent value.","Conversation provenance can affect the meaning of a reference response. Evaluation design should distinguish prompts, conversation instances, benchmark subsets, and the assistant that conditioned each human interaction.","L016, L017",/n/holylabs/hlakkaraju_lab/Lab/zidi/user_simulation/oxygen-contributor-kit-2/data/processed-trajectories-2026-09-07/trajectory-012/insight_redacted.md
redacted,12,I005,direct,"Contains an actionable rule for a recurring evaluation, analysis, artifact, repository, or collection task in this workspace. Retrieve only for the matching task; repeated copies add no independent value.",Judge-only evaluation over saved target responses can expand a target-by-judge comparison without regenerating model behavior. Consolidating such work can also reduce scheduler pressure while preserving previous results.,"L018, L019",/n/holylabs/hlakkaraju_lab/Lab/zidi/user_simulation/oxygen-contributor-kit-2/data/processed-trajectories-2026-09-07/trajectory-012/insight_redacted.md
redacted,12,I006,direct,"Contains an actionable rule for a recurring evaluation, analysis, artifact, repository, or collection task in this workspace. Retrieve only for the matching task; repeated copies add no independent value.",Undifferentiated structured judgments may reflect a data-adapter error rather than evaluator behavior. A realistic preflight that requires nonempty nested fields and differentiated outputs can reveal this failure before a large run.,"L020, L021, L022",/n/holylabs/hlakkaraju_lab/Lab/zidi/user_simulation/oxygen-contributor-kit-2/data/processed-trajectories-2026-09-07/trajectory-012/insight_redacted.md
redacted,12,I007,direct,"Contains an actionable rule for a recurring evaluation, analysis, artifact, repository, or collection task in this workspace. Retrieve only for the matching task; repeated copies add no independent value.","Average score, pairwise success, and top-one win rate capture different properties. Close losses and correlated strengths can preserve a model's mean while lowering its win rate, so margins and pairwise measures should accompany top-one results. Incomplete judgments should retain task-specific denominators because their missingness may be nonrandom.","L023, L024, L025, L026",/n/holylabs/hlakkaraju_lab/Lab/zidi/user_simulation/oxygen-contributor-kit-2/data/processed-trajectories-2026-09-07/trajectory-012/insight_redacted.md
redacted,12,I008,direct,"Contains an actionable rule for a recurring evaluation, analysis, artifact, repository, or collection task in this workspace. Retrieve only for the matching task; repeated copies add no independent value.","Anonymous randomization reduces identity cues but does not eliminate presentation bias. Position counts and sensitivity checks remain necessary when differences are small, even if balanced assignment supports broad aggregate comparisons.","L027, L028, L029, L030",/n/holylabs/hlakkaraju_lab/Lab/zidi/user_simulation/oxygen-contributor-kit-2/data/processed-trajectories-2026-09-07/trajectory-012/insight_redacted.md
redacted,12,I009,direct,"Contains an actionable rule for a recurring evaluation, analysis, artifact, repository, or collection task in this workspace. Retrieve only for the matching task; repeated copies add no independent value.","Analysis outputs should state target filters, evaluator filters, reward dimensions, tie handling, and aggregation rules explicitly. Cross-suite figures should combine only comparable measures and disclose unavailable metrics or omitted subsets.","L031, L032, L033",/n/holylabs/hlakkaraju_lab/Lab/zidi/user_simulation/oxygen-contributor-kit-2/data/processed-trajectories-2026-09-07/trajectory-012/insight_redacted.md
redacted,13,I001,direct,"Contains an actionable rule for a recurring evaluation, analysis, artifact, repository, or collection task in this workspace. Retrieve only for the matching task; repeated copies add no independent value.","Auxiliary-role routing is part of the experimental treatment in interactive simulator evaluation. Changing the assistant changes the trajectory that is later judged, so correcting the protocol requires regenerating interactions; judge-only reevaluation is sufficient only when a saved target response remains fixed.","L009, L011, L012, L014",/n/holylabs/hlakkaraju_lab/Lab/zidi/user_simulation/oxygen-contributor-kit-2/data/processed-trajectories-2026-09-07/trajectory-013/insight_redacted.md
redacted,13,I002,direct,"Contains an actionable rule for a recurring evaluation, analysis, artifact, repository, or collection task in this workspace. Retrieve only for the matching task; repeated copies add no independent value.","Reference behavior depends on the interaction environment. When reference conversations were collected with heterogeneous assistants, testing every simulator against one fixed assistant measures fidelity in a new common environment. Reports should document that change and control for reference-assistant context where the available data permits it.","L013, L015, L016",/n/holylabs/hlakkaraju_lab/Lab/zidi/user_simulation/oxygen-contributor-kit-2/data/processed-trajectories-2026-09-07/trajectory-013/insight_redacted.md
redacted,13,I003,conditional,Service-limit language is ambiguous; explicitly state that successful small preflights do not prove full-run quota capacity.,"Small end-to-end preflights can expose inaccessible model routes, service limits, scheduling constraints, and malformed data adaptation before expensive evaluation begins. They are most useful when they exercise data loading, generation, and structured judging together.","L006, L007, L019",/n/holylabs/hlakkaraju_lab/Lab/zidi/user_simulation/oxygen-contributor-kit-2/data/processed-trajectories-2026-09-07/trajectory-013/insight_redacted.md
redacted,13,I004,direct,"Contains an actionable rule for a recurring evaluation, analysis, artifact, repository, or collection task in this workspace. Retrieve only for the matching task; repeated copies add no independent value.","Similar mean scores and different multi-candidate win rates can coexist when losses are narrow and strong cases overlap. Exact top-score credit discards margins and requires beating every competitor simultaneously, so continuous fidelity, pairwise strength, margin profiles, and judge uncertainty should be reported separately.","L020, L021, L022",/n/holylabs/hlakkaraju_lab/Lab/zidi/user_simulation/oxygen-contributor-kit-2/data/processed-trajectories-2026-09-07/trajectory-013/insight_redacted.md
redacted,13,I005,direct,"Contains an actionable rule for a recurring evaluation, analysis, artifact, repository, or collection task in this workspace. Retrieve only for the matching task; repeated copies add no independent value.","Stable aggregate rankings can coexist with low item-level judge agreement and evaluator-specific candidate-order effects. Balanced randomization and position standardization protect aggregate comparisons, but close differences should not be interpreted more precisely than judge and presentation variability supports.","L023, L024",/n/holylabs/hlakkaraju_lab/Lab/zidi/user_simulation/oxygen-contributor-kit-2/data/processed-trajectories-2026-09-07/trajectory-013/insight_redacted.md
redacted,13,I006,direct,"Contains an actionable rule for a recurring evaluation, analysis, artifact, repository, or collection task in this workspace. Retrieve only for the matching task; repeated copies add no independent value.",Metric decomposition can change the substantive conclusion. Separating interaction fidelity from other quality measures and splitting audit distance into source and specificity components revealed relationships and directional effects that combined or absolute-value metrics concealed.,"L026, L028, L029, L030",/n/holylabs/hlakkaraju_lab/Lab/zidi/user_simulation/oxygen-contributor-kit-2/data/processed-trajectories-2026-09-07/trajectory-013/insight_redacted.md
redacted,13,I007,direct,"Contains an actionable rule for a recurring evaluation, analysis, artifact, repository, or collection task in this workspace. Retrieve only for the matching task; repeated copies add no independent value.","Reusing benchmark prompts and scoring logic does not reproduce a benchmark protocol by itself. Execution-harness changes, role overrides, dataset subset selection, and aggregation choices all affect what the resulting scores mean.","L001, L005, L009, L016",/n/holylabs/hlakkaraju_lab/Lab/zidi/user_simulation/oxygen-contributor-kit-2/data/processed-trajectories-2026-09-07/trajectory-013/insight_redacted.md
redacted,13,I008,direct,"Contains an actionable rule for a recurring evaluation, analysis, artifact, repository, or collection task in this workspace. Retrieve only for the matching task; repeated copies add no independent value.","Reliable evaluation requires separate handling of compute scheduling and external-service capacity. Resumability, dependency control, route preflights, bounded concurrency, and separation of partial from complete runs reduce duplicate work and prevent incomplete evidence from entering full-run comparisons.","L003, L004, L006, L007, L008, L010",/n/holylabs/hlakkaraju_lab/Lab/zidi/user_simulation/oxygen-contributor-kit-2/data/processed-trajectories-2026-09-07/trajectory-013/insight_redacted.md
redacted,14,I001,direct,"Contains an actionable rule for a recurring evaluation, analysis, artifact, repository, or collection task in this workspace. Retrieve only for the matching task; repeated copies add no independent value.","When a requested workflow is not installed globally, a user-identified project-local implementation may still be authoritative. Checking the specified local location before declaring the workflow unavailable avoids premature refusal while preserving its safeguards.","L002, L003, L004",/n/holylabs/hlakkaraju_lab/Lab/zidi/user_simulation/oxygen-contributor-kit-2/data/processed-trajectories-2026-09-07/trajectory-014/insight_redacted.md
redacted,14,I002,direct,"Contains an actionable rule for a recurring evaluation, analysis, artifact, repository, or collection task in this workspace. Retrieve only for the matching task; repeated copies add no independent value.",Shared or network-mounted workspaces can violate assumptions about responsiveness and atomic filesystem operations. Running an unchanged executable copy and mutable workflow state in private local storage can isolate those limits while preserving the workspace as the source and destination.,"L005, L013",/n/holylabs/hlakkaraju_lab/Lab/zidi/user_simulation/oxygen-contributor-kit-2/data/processed-trajectories-2026-09-07/trajectory-014/insight_redacted.md
redacted,14,I003,conditional,Scope-checking advice is underspecified; retain membership criteria and the recount trigger in private memory.,"Scope decisions should use affirmative membership evidence and a verified count. Mixed metadata may still support inclusion, but the affected population should be recounted before recording the user's decision.","L008, L009, L010",/n/holylabs/hlakkaraju_lab/Lab/zidi/user_simulation/oxygen-contributor-kit-2/data/processed-trajectories-2026-09-07/trajectory-014/insight_redacted.md
redacted,14,I004,direct,"Contains an actionable rule for a recurring evaluation, analysis, artifact, repository, or collection task in this workspace. Retrieve only for the matching task; repeated copies add no independent value.","Per-shard validation cannot establish global identity consistency. Shard-scoped identifiers plus a global collision and coverage check prevented independently valid proposals from producing conflicting records, and immutable receipts made a clean restart appropriate.","L012, L014, L015, L016",/n/holylabs/hlakkaraju_lab/Lab/zidi/user_simulation/oxygen-contributor-kit-2/data/processed-trajectories-2026-09-07/trajectory-014/insight_redacted.md
redacted,14,I005,direct,"Contains an actionable rule for a recurring evaluation, analysis, artifact, repository, or collection task in this workspace. Retrieve only for the matching task; repeated copies add no independent value.",Removing an unsupported helper field can leave valid syntax while losing the source relationship it implicitly carried. Schema correction should identify and restore the required semantic binding rather than merely deleting the rejected field.,"L019, L020",/n/holylabs/hlakkaraju_lab/Lab/zidi/user_simulation/oxygen-contributor-kit-2/data/processed-trajectories-2026-09-07/trajectory-014/insight_redacted.md
redacted,14,I006,direct,"Contains an actionable rule for a recurring evaluation, analysis, artifact, repository, or collection task in this workspace. Retrieve only for the matching task; repeated copies add no independent value.","Privacy offsets, storage checks, and transport validators must measure the same preserved text representation. Embedded control bytes exposed inconsistent length semantics; aligning validation with character-based offsets resolved the gate without rewriting evidence.","L022, L023, L024",/n/holylabs/hlakkaraju_lab/Lab/zidi/user_simulation/oxygen-contributor-kit-2/data/processed-trajectories-2026-09-07/trajectory-014/insight_redacted.md
redacted,14,I007,direct,"Contains an actionable rule for a recurring evaluation, analysis, artifact, repository, or collection task in this workspace. Retrieve only for the matching task; repeated copies add no independent value.","Worker validation should exercise the authoritative recorder contract early. Proposal nesting, allowed categories, phase rules, and participant constraints surfaced only after drafting, exhausting correction attempts and requiring a constrained parent takeover.","L026, L027, L028",/n/holylabs/hlakkaraju_lab/Lab/zidi/user_simulation/oxygen-contributor-kit-2/data/processed-trajectories-2026-09-07/trajectory-014/insight_redacted.md
redacted,14,I008,conditional,Specific narrative-evidence completeness workflow; not a general requirement for every answer.,Chapter-level evidence highlights do not prove coverage of every semantic unit represented by a narrative. An explicit unit-to-evidence ledger makes completeness testable without adding prose or unsupported claims.,L029,/n/holylabs/hlakkaraju_lab/Lab/zidi/user_simulation/oxygen-contributor-kit-2/data/processed-trajectories-2026-09-07/trajectory-014/insight_redacted.md
redacted,14,I009,direct,"Contains an actionable rule for a recurring evaluation, analysis, artifact, repository, or collection task in this workspace. Retrieve only for the matching task; repeated copies add no independent value.",Positional equality checks can create false integrity or staleness failures when stages enumerate the same identities in different valid orders. Aligning by stable identity and comparing canonical identity sets preserves content checks while removing incidental ordering dependence.,"L032, L033, L035, L036",/n/holylabs/hlakkaraju_lab/Lab/zidi/user_simulation/oxygen-contributor-kit-2/data/processed-trajectories-2026-09-07/trajectory-014/insight_redacted.md
redacted,14,I010,direct,"Contains an actionable rule for a recurring evaluation, analysis, artifact, repository, or collection task in this workspace. Retrieve only for the matching task; repeated copies add no independent value.","Workflow progress should be reported separately from user-visible completion. Reaching privacy review and preference preparation did not satisfy the requested review, release-preview, or archive-delivery stages.","L001, L030, L035, L036",/n/holylabs/hlakkaraju_lab/Lab/zidi/user_simulation/oxygen-contributor-kit-2/data/processed-trajectories-2026-09-07/trajectory-014/insight_redacted.md
redacted,15,I001,direct,"Contains an actionable rule for a recurring evaluation, analysis, artifact, repository, or collection task in this workspace. Retrieve only for the matching task; repeated copies add no independent value.",Repository-boundary validation is important before branch operations in workspaces that contain nested repositories. Repeating the checks in the requested project directory established the relevant working-tree and remote-branch state before branch creation.,"L002, L003",/n/holylabs/hlakkaraju_lab/Lab/zidi/user_simulation/oxygen-contributor-kit-2/data/processed-trajectories-2026-09-07/trajectory-015/insight_redacted.md
redacted,15,I002,conditional,Only when a new commit is explicitly required.,"When a requested branch needs a distinct commit but the base already contains all desired files, an explicitly disclosed empty commit can create a new branch tip while preserving the tree.","L005, L006, L007",/n/holylabs/hlakkaraju_lab/Lab/zidi/user_simulation/oxygen-contributor-kit-2/data/processed-trajectories-2026-09-07/trajectory-015/insight_redacted.md
redacted,15,I003,conditional,"Stripped-record evidence limitation, not proof that publishing failed.","A publication retry with the required network access may resolve an environment restriction, but a reported final state does not replace retained execution results. When those results are unavailable, the summary should attribute the outcome to the agent and preserve the verification gap.","L008, L009",/n/holylabs/hlakkaraju_lab/Lab/zidi/user_simulation/oxygen-contributor-kit-2/data/processed-trajectories-2026-09-07/trajectory-015/insight_redacted.md
redacted,16,I001,direct,"Contains an actionable rule for a recurring evaluation, analysis, artifact, repository, or collection task in this workspace. Retrieve only for the matching task; repeated copies add no independent value.","Session discovery can remain deterministic and privacy-conscious when initial metadata is the classification boundary. Workspace membership and session type can be decided without inspecting conversation text, while component-aware matching avoids including similarly prefixed sibling locations.","L002, L003, L004",/n/holylabs/hlakkaraju_lab/Lab/zidi/user_simulation/oxygen-contributor-kit-2/data/processed-trajectories-2026-09-07/trajectory-016/insight_redacted.md
redacted,16,I002,direct,"Contains an actionable rule for a recurring evaluation, analysis, artifact, repository, or collection task in this workspace. Retrieve only for the matching task; repeated copies add no independent value.","Safely collecting live append-only logs requires a defined snapshot boundary and verification after capture. Keeping only complete records and checking the captured prefix permits benign appends while detecting truncation, replacement, or edits to already observed data.","L005, L007",/n/holylabs/hlakkaraju_lab/Lab/zidi/user_simulation/oxygen-contributor-kit-2/data/processed-trajectories-2026-09-07/trajectory-016/insight_redacted.md
redacted,16,I003,direct,"Contains an actionable rule for a recurring evaluation, analysis, artifact, repository, or collection task in this workspace. Retrieve only for the matching task; repeated copies add no independent value.","Privacy and integrity controls belong in the collection format. Restricted permissions, output-location safeguards, content-free diagnostics, deduplication, and integrity checks let downstream processing operate without exposing conversation text in collection metadata.","L004, L007",/n/holylabs/hlakkaraju_lab/Lab/zidi/user_simulation/oxygen-contributor-kit-2/data/processed-trajectories-2026-09-07/trajectory-016/insight_redacted.md
redacted,16,I004,direct,"Contains an actionable rule for a recurring evaluation, analysis, artifact, repository, or collection task in this workspace. Retrieve only for the matching task; repeated copies add no independent value.","Passing behavioral tests does not establish acceptable performance on a live data store. A live dry run exposed an input/output problem and prompted an optimization, showing that realistic dry runs complement correctness tests for tools that scan many active logs.","L008, L009, L010",/n/holylabs/hlakkaraju_lab/Lab/zidi/user_simulation/oxygen-contributor-kit-2/data/processed-trajectories-2026-09-07/trajectory-016/insight_redacted.md
redacted,16,I005,conditional,Collection-audit caveat; verify artifacts before treating the work as unresolved.,"Invoking a collection does not establish that it completed. When the available record ends before a result or final status, downstream workflows should treat the requested artifacts as unresolved.","L011, L012",/n/holylabs/hlakkaraju_lab/Lab/zidi/user_simulation/oxygen-contributor-kit-2/data/processed-trajectories-2026-09-07/trajectory-016/insight_redacted.md
